Sample_ID,short_ENA_accession,short_Genbank_accession,Year of Isolation,Month of Isolation,ST_Shortened,Collection,Source,Location,Province,ProvinceLocation,Province_Capital_Latitude,Province_Capital_Longitutde,Hospital,MIC_ESBL,ESBL,MIC_Ampicillin,Ampicillin,MIC_Amoxicillin/Clavulanic Acid,Amoxicillin/Clavulanic Acid,MIC_Piperacillin/Tazobactam,Piperacillin/Tazobactam,MIC_Cefalotin,Cefalotin,MIC_Cefoxitin,Cefoxitin,MIC_Ceftazidime,Ceftazidime,MIC_Ceftriaxone,Ceftriaxone,MIC_Cefepime,Cefepime,MIC_Imipenem,Imipenem,MIC_Meropenem,Meropenem,MIC_Amikacin,Amikacin,MIC_Gentamicin,Gentamicin,MIC_Ciprofloxacin,Ciprofloxacin,MIC_Tigecycline,Tigecycline,MIC_Nitrofurantoin,Nitrofurantoin,MIC_Trimethoprim/ Sulfamethoxazole,Trimethoprim/ Sulfamethoxazole
N30,ERR12055275,SAMN37449885,2022,3,ST101,MOH,BC,Najran,Najran,SouthWest,17.56927051,44.22684712,NHC,NEG,NA,>= 32,R,>= 32,R,>= 128,R,>= 64,R,>= 64,R,>= 64,R,>= 64,R,>= 64,R,2,S,>= 16,R,8,*I,>= 16,R,>= 4,R,4,I,>= 512,R,40,S
R860,ERR12178250,SAMN38154129,2022,8,ST101,MOH,BC,Riyadh,Riyadh,Center,24.72857381,46.68651858,RRA,NEG,NA,>= 32,R,>= 32,R,>= 128,R,>= 64,R,>= 64,R,>= 64,R,>= 64,R,>= 64,R,>= 16,R,>= 16,R,>= 64,R,>= 16,R,>= 4,R,2,S,>= 512,R,40,S
R69,ERR12055256,SAMN37449914,2022,3,ST101,MOH,BC,Riyadh,Riyadh,Center,24.72857381,46.68651858,RRA,NEG,NA,>= 32,R,>= 32,R,>= 128,R,>= 64,R,>= 64,R,>= 64,R,>= 64,R,>= 64,R,>= 16,R,>= 16,R,>= 64,R,<= 1,S,>= 4,R,2,S,256,R,<= 20,S
R374,ERR12178210,SAMN38154124,2022,4,ST101,MOH,BC,Riyadh,Riyadh,Center,24.72857381,46.68651858,RRA,NEG,NA,>= 32,R,>= 32,R,>= 128,R,>= 64,R,>= 64,R,>= 64,R,>= 64,R,>= 64,R,2,S,>= 16,R,>= 64,R,<= 1,S,>= 4,R,4,I,>= 512,R,>= 320,R
R238,ERR12055260,SAMN37449913,2022,4,ST101,MOH,BC,Riyadh,Riyadh,Center,24.72857381,46.68651858,RRA,NEG,NA,>= 32,R,>= 32,R,>= 128,R,>= 64,R,>= 64,R,>= 64,R,>= 64,R,>= 64,R,4,I,>= 16,R,>= 64,R,>= 16,R,>= 4,R,4,I,>= 512,R,160,R
R186,ERR12178129,SAMN38154114,2022,3,ST101,MOH,BC,Riyadh,Riyadh,Center,24.72857381,46.68651858,RRA,NEG,NA,>= 32,R,>= 32,R,>= 128,R,>= 64,R,>= 64,R,16,*R,>= 64,R,>= 64,R,2,S,>= 16,R,<= 2,S,>= 16,R,>= 4,R,<= 0.5,S,>= 512,R,40,S
R123,ERR12055253,SAMN37449908,2022,3,ST101,MOH,BC,Riyadh,Riyadh,Center,24.72857381,46.68651858,RRA,NEG,NA,>= 32,R,>= 32,R,>= 128,R,>= 64,R,>= 64,R,>= 64,R,>= 64,R,>= 64,R,>= 16,R,>= 16,R,<= 2,S,>= 16,R,>= 4,R,<= 0.5,S,>= 512,R,40,S
N906,ERR12178193,SAMN38154098,2022,11,ST101,MOH,BC,Najran,Najran,SouthWest,17.56927051,44.22684712,NHA,NEG,NA,>= 32,R,>= 32,R,>= 128,R,>= 64,R,>= 64,R,>= 64,R,>= 64,R,>= 64,R,1*,*I,8,I,<= 2,S,<= 1,S,>= 4,R,2,S,>= 512,R,40,S
N70,ERR12055285,SAMN37449889,2022,3,ST101,MOH,BC,Najran,Najran,SouthWest,17.56927051,44.22684712,NHC,NEG,NA,>= 32,R,>= 32,R,>= 128,R,>= 64,R,>= 64,R,>= 64,R,>= 64,R,>= 64,R,>= 16,R,>= 16,R,8,*I,>= 16,R,>= 4,R,2,S,>= 512,R,40,S
N675,ERR12205228,SAMN38154094,2022,8,ST101,MOH,BC,Najran,Najran,SouthWest,17.56927051,44.22684712,NHC,NEG,NA,>= 32,R,>= 32,R,>= 128,R,>= 64,R,>= 64,R,>= 64,R,>= 64,R,>= 64,R,>= 16,R,>= 16,R,8,*I,>= 16,R,>= 4,R,2,S,256,R,<= 20,S
N445,ERR12055276,SAMN37449886,2022,7,ST101,MOH,BC,Najran,Najran,SouthWest,17.56927051,44.22684712,NRA,NEG,NA,>= 32,R,>= 32,R,>= 128,R,>= 64,R,>= 64,R,>= 64,R,>= 64,R,>= 64,R,>= 16,R,>= 16,R,8,*I,>= 16,R,>= 4,R,4,I,>= 512,R,40,S
N25,ERR12178217,SAMN38154088,2022,7,ST101,MOH,BC,Najran,Najran,SouthWest,17.56927051,44.22684712,NHC,NEG,NA,>= 32,R,>= 32,R,>= 128,R,>= 64,R,>= 64,R,>= 64,R,>= 64,R,>= 64,R,2,S,>= 16,R,32,I,>= 16,R,>= 4,R,4,I,>= 512,R,>= 320,R
N162,ERR12178239,SAMN38154086,2022,4,ST101,MOH,BC,Najran,Najran,SouthWest,17.56927051,44.22684712,NHC,NEG,NA,>= 32,R,>= 32,R,>= 128,R,>= 64,R,>= 64,R,>= 64,R,>= 64,R,>= 64,R,4,I,>= 16,R,8,*I,>= 16,R,>= 4,R,4,I,>= 512,R,40,S
N1153,ERR12055282,SAMN37449884,2023,1,ST101,MOH,BC,Najran,Najran,SouthWest,17.56927051,44.22684712,NHB,NEG,NA,>= 32,R,>= 32,R,>= 128,R,>= 64,R,>= 64,R,>= 64,R,>= 64,R,>= 64,R,8,R,>= 16,R,4,S,>= 16,R,>= 4,R,1,S,>= 512,R,40,S
N1030,ERR12055288,SAMN37449879,2022,11,ST101,MOH,BC,Najran,Najran,SouthWest,17.56927051,44.22684712,NHB,NEG,NA,>= 32,R,>= 32,R,>= 128,R,>= 64,R,>= 64,R,>= 64,R,>= 64,R,>= 64,R,2,S,>= 16,R,<= 2,S,>= 16,R,>= 4,R,1,S,>= 512,R,40,S
N1027,ERR12055269,SAMN37449878,2022,11,ST101,MOH,BC,Najran,Najran,SouthWest,17.56927051,44.22684712,NHB,NEG,NA,>= 32,R,>= 32,R,>= 128,R,>= 64,R,>= 64,R,>= 64,R,>= 64,R,>= 64,R,2,S,>= 16,R,<= 2,S,<= 1,S,>= 4,R,2,S,>= 512,R,40,S
N1015,ERR12178209,SAMN38154081,2022,12,ST101,MOH,BC,Najran,Najran,SouthWest,17.56927051,44.22684712,NHB,NEG,NA,>= 32,R,>= 32,R,>= 128,R,>= 64,R,>= 64,R,>= 64,R,>= 64,R,>= 64,R,1*,*I,8,I,<= 2,S,<= 1,S,>= 4,R,2,S,>= 512,R,40,S
JZ79,ERR12178225,SAMN38154051,2022,5,ST101,MOH,BC,Jazan,Jazan,SouthWest,16.89354904,42.57163172,JZHB,NEG,NA,>= 32,R,>= 32,R,>= 128,R,>= 64,R,>= 64,R,>= 64,R,>= 64,R,>= 64,R,2,S,>= 16,R,>= 64,R,>= 16,R,>= 4,R,4,I,>= 512,R,160,R
R848,ERR12055296,SAMN37449915,2022,8,ST11,MOH,BC,Riyadh,Riyadh,Center,24.72857381,46.68651858,RRA,NEG,NA,>= 32,R,>= 32,R,>= 128,R,>= 64,R,>= 64,R,>= 64,R,>= 64,R,>= 64,R,>= 16,R,>= 16,R,>= 64,R,>= 16,R,>= 4,R,2,S,>= 512,R,>= 320,R
R1020,ERR12055255,SAMN37449904,2022,6,ST11,MOH,BC,Riyadh,Riyadh,Center,24.72857381,46.68651858,RHA,NEG,NA,>= 32,R,>= 32,R,>= 128,R,>= 64,R,>= 64,R,>= 64,R,>= 64,R,>= 64,R,>= 16,R,>= 16,R,>= 64,R,>= 16,R,>= 4,R,2,S,>= 512,R,>= 320,R
N841,ERR12055252,SAMN37449892,2022,11,ST11,MOH,BC,Najran,Najran,SouthWest,17.56927051,44.22684712,NHB,NEG,NA,>= 32,R,>= 32,R,>= 128,R,>= 64,R,>= 64,R,>= 64,R,>= 64,R,>= 64,R,>= 16,R,>= 16,R,>= 64,R,>= 16,R,>= 4,R,2,S,>= 512,R,<= 20,S
N824,ERR12055261,SAMN37449891,2022,10,ST11,MOH,BC,Najran,Najran,SouthWest,17.56927051,44.22684712,NHB,NEG,NA,>= 32,R,>= 32,R,>= 128,R,>= 64,R,>= 64,R,>= 64,R,>= 64,R,>= 64,R,>= 16,R,>= 16,R,>= 64,R,>= 16,R,>= 4,R,2,S,>= 512,R,<= 20,S
N823,ERR12178187,SAMN38154097,2020,9,ST11,MOH,BC,Najran,Najran,SouthWest,17.56927051,44.22684712,NHB,NEG,NA,>= 32,R,>= 32,R,>= 128,R,>= 64,R,>= 64,R,>= 64,R,>= 64,R,>= 64,R,>= 16,R,>= 16,R,>= 64,R,>= 16,R,>= 4,R,2,S,>= 512,R,<= 20,S
N658,ERR12178165,SAMN38154092,2022,8,ST11,MOH,BC,Najran,Najran,SouthWest,17.56927051,44.22684712,NHB,NEG,NA,>= 32,R,>= 32,R,>= 128,R,>= 64,R,>= 64,R,>= 64,R,>= 64,R,>= 64,R,>= 16,R,>= 16,R,>= 64,R,>= 16,R,>= 4,R,2,S,>= 512,R,<= 20,S
N652,ERR12178192,SAMN38154091,2022,9,ST11,MOH,BC,Najran,Najran,SouthWest,17.56927051,44.22684712,NHD,NEG,NA,>= 32,R,>= 32,R,>= 128,R,>= 64,R,>= 64,R,>= 64,R,>= 64,R,>= 64,R,>= 16,R,>= 16,R,<= 2,S,<= 1,S,>= 4,R,4,I,>= 512,R,160,R
N594,ERR12055290,SAMN37449887,2022,9,ST11,MOH,BC,Najran,Najran,SouthWest,17.56927051,44.22684712,NHB,NEG,NA,>= 32,R,>= 32,R,>= 128,R,>= 64,R,>= 64,R,>= 64,R,>= 64,R,>= 64,R,>= 16,R,>= 16,R,>= 64,R,>= 16,R,>= 4,R,2,S,>= 512,R,<= 20,S
N1148,ERR12055281,SAMN37449883,2022,12,ST11,MOH,BC,Najran,Najran,SouthWest,17.56927051,44.22684712,NHB,NEG,NA,>= 32,R,>= 32,R,>= 128,R,>= 64,R,>= 64,R,>= 64,R,>= 64,R,>= 64,R,>= 16,R,>= 16,R,>= 64,R,>= 16,R,>= 4,R,2,S,>= 512,R,<= 20,S
N1145,ERR12055268,SAMN37449882,2022,12,ST11,MOH,BC,Najran,Najran,SouthWest,17.56927051,44.22684712,NHB,NEG,NA,>= 32,R,>= 32,R,>= 128,R,>= 64,R,>= 64,R,>= 64,R,>= 64,R,>= 64,R,>= 16,R,>= 16,R,>= 64,R,>= 16,R,>= 4,R,2,S,>= 512,R,<= 20,S
R1185,ERR12178213,SAMN38154106,2022,9,ST1229,MOH,BC,Riyadh,Riyadh,Center,24.72857381,46.68651858,RRA,POS,+,>= 32,R,>= 32,R,64,R,>= 64,R,<= 4,S,>= 64,R,>= 64,R,>= 64,R,<= 0.25,S,<= 0.25,S,<= 2,S,>= 16,R,0.5,I,<= 0.5,S,32,S,>= 320,R
S56,ERR12178166,SAMN38154138,2022,12,ST14,MOH,BC,Sakaka,AlJawf,North,29.88333549,40.11210099,SHD,POS,+,>= 32,R,16,I,16,I,>= 64,R,<= 4,S,16,I,>= 64,R,2,S,<= 0.25,S,<= 0.25,S,16,*I,<= 1,S,2,R,1,S,<= 16,S,<= 20,S
S48,ERR12205231,SAMN38154136,2022,2,ST14,MOH,BC,Sakaka,AlJawf,North,29.88333549,40.11210099,SHD,NEG,NA,>= 32,R,>= 32,R,>= 128,R,>= 64,R,>= 64,R,>= 64,R,>= 64,R,>= 64,R,4,I,>= 16,R,4,S,<= 1,S,>= 4,R,2,S,256,R,>= 320,R
S42,ERR12178201,SAMN38154135,2022,2,ST14,MOH,BC,Sakaka,AlJawf,North,29.88333549,40.11210099,SHD,POS,+,>= 32,R,16,I,16,I,>= 64,R,<= 4,S,16,I,>= 64,R,2,S,<= 0.25,S,<= 0.25,S,8,*I,<= 1,S,2,R,1,S,32,S,<= 20,S
S126,ERR12178227,SAMN38154133,2022,10,ST14,MOH,BC,Sakaka,AlJawf,North,29.88333549,40.11210099,SHA,POS,+,>= 32,R,16,I,16,I,>= 64,R,<= 4,S,16,I,>= 64,R,2,S,<= 0.25,S,<= 0.25,S,8,*I,<= 1,S,2,R,1,S,64,I,<= 20,S
Q54,ERR12178203,SAMN38154102,2022,12,ST14,MOH,BC,AlQassim,AlQassim,Center,26.36764728,43.972776,QHA,NEG,NA,>= 32,R,>= 32,R,>= 128,R,>= 64,R,>= 64,R,>= 64,R,>= 64,R,>= 64,R,>= 16,R,>= 16,R,32,I,<= 1,S,>= 4,R,4,I,256,R,>= 320,R
Q53,ERR12178268,SAMN38154101,2022,5,ST14,MOH,BC,AlQassim,AlQassim,Center,26.36764728,43.972776,QHA,NEG,NA,>= 32,R,>= 32,R,>= 128,R,>= 64,R,>= 64,R,>= 64,R,>= 64,R,>= 64,R,>= 16,R,>= 16,R,>= 64,R,2,S,>= 4,R,>= 8,R,256,R,>= 320,R
Q38,ERR12178144,SAMN38154100,2022,8,ST14,MOH,BC,AlQassim,AlQassim,Center,26.36764728,43.972776,QHA,NEG,NA,>= 32,R,>= 32,R,>= 128,R,>= 64,R,>= 64,R,>= 64,R,>= 64,R,>= 64,R,>= 16,R,>= 16,R,32,I,<= 1,S,>= 4,R,4,I,256,R,>= 320,R
Q136,ERR12055262,SAMN37449897,2022,9,ST1418,MOH,BC,AlQassim,AlQassim,Center,26.36764728,43.972776,QHA,POS,+,>= 32,R,>= 32,R,>= 128,R,>= 64,R,<= 4,*R,16,*R,>= 64,R,8,*R,4,I,8,I,<= 2,S,<= 1,S,<= 0.25,S,<= 0.5,S,64,I,<= 20,S
JZ69,ERR12178157,SAMN38154050,2022,8,ST147,MOH,BC,Jazan,Jazan,SouthWest,16.89354904,42.57163172,JZRA,NEG,NA,>= 32,R,>= 32,R,>= 128,R,>= 64,R,>= 64,R,>= 64,R,>= 64,R,>= 64,R,>= 16,R,>= 16,R,<= 2,S,<= 1,S,>= 4,R,2,S,256,R,>= 320,R
JZ33,ERR12178143,SAMN38154044,2022,8,ST147,MOH,BC,Jazan,Jazan,SouthWest,16.89354904,42.57163172,JZRA,NEG,NA,>= 32,R,>= 32,R,>= 128,R,>= 64,R,>= 64,R,>= 64,R,>= 64,R,>= 64,R,8,R,>= 16,R,<= 2,S,<= 1,S,>= 4,R,2,S,>= 512,R,>= 320,R
JZ21,ERR12178230,SAMN38154042,2022,7,ST147,MOH,BC,Jazan,Jazan,SouthWest,16.89354904,42.57163172,JZRA,NEG,NA,>= 32,R,>= 32,R,>= 128,R,>= 64,R,>= 64,R,>= 64,R,>= 64,R,>= 64,R,>= 16,R,>= 16,R,<= 2,S,<= 1,S,>= 4,R,2,S,256,R,>= 320,R
JZ20,ERR12178137,SAMN38154041,2022,2,ST147,MOH,BC,Jazan,Jazan,SouthWest,16.89354904,42.57163172,JZRA,NEG,NA,>= 32,R,>= 32,R,>= 128,R,>= 64,R,>= 64,R,>= 64,R,>= 64,R,>= 64,R,>= 16,R,>= 16,R,<= 2,S,<= 1,S,>= 4,R,>= 8,R,>= 512,R,>= 320,R
TK9,ERR12178281,SAMN38154143,2022,7,ST147,MOH,BC,Tabuk,Tabuk,NorthWest,28.38719742,36.56521253,TKHA,NEG,NA,>= 32,R,>= 32,R,>= 128,R,>= 64,R,>= 64,R,>= 64,R,>= 64,R,>= 64,R,>= 16,R,>= 16,R,32,I,<= 1,S,>= 4,R,>= 8,R,256,R,<= 20,S
TK3,ERR12055250,SAMN37449927,2022,7,ST147,MOH,BC,Tabuk,Tabuk,NorthWest,28.38719742,36.56521253,TKHA,NEG,NA,>= 32,R,>= 32,R,>= 128,R,>= 64,R,>= 64,R,>= 64,R,>= 64,R,>= 64,R,>= 16,R,>= 16,R,>= 64,R,>= 16,R,>= 4,R,4,I,256,R,>= 320,R
TK149,ERR12178276,SAMN38154142,2023,2,ST147,MOH,BC,Tabuk,Tabuk,NorthWest,28.38719742,36.56521253,TKHA,NA,NA,NA,NA,NA,NA,NA,NA,NA,NA,NA,NA,NA,R,NA,NA,NA,R,NA,R,NA,R,NA,R,NA,R,NA,NA,NA,s,NA,NA,NA,NA
S54,ERR12178247,SAMN38154137,2022,1,ST147,MOH,BC,Sakaka,AlJawf,North,29.88333549,40.11210099,SHD,NEG,NA,>= 32,R,>= 32,R,>= 128,R,>= 64,R,>= 64,R,>= 64,R,>= 64,R,>= 64,R,>= 16,R,>= 16,R,16,*I,<= 1,S,>= 4,R,<= 0.5,S,256,R,<= 20,S
S12,ERR12178136,SAMN38154132,2022,3,ST147,MOH,BC,Sakaka,AlJawf,North,29.88333549,40.11210099,SHB,NEG,NA,>= 32,R,>= 32,R,>= 128,R,>= 64,R,>= 64,R,>= 64,R,>= 64,R,>= 64,R,8,R,>= 16,R,16,*I,<= 1,S,>= 4,R,1,S,256,R,40,S
S10,ERR12178151,SAMN38154131,2022,3,ST147,MOH,BC,Sakaka,AlJawf,North,29.88333549,40.11210099,SHB,NEG,NA,>= 32,R,>= 32,R,>= 128,R,>= 64,R,>= 64,R,>= 64,R,>= 64,R,16,R,8,R,>= 16,R,16,*I,<= 1,S,>= 4,R,<= 0.5,S,256,R,<= 20,S
R70,ERR12178126,SAMN38154128,2022,3,ST147,MOH,BC,Riyadh,Riyadh,Center,24.72857381,46.68651858,RRA,NEG,NA,>= 32,R,>= 32,R,>= 128,R,>= 64,R,>= 64,R,4,*R,>= 64,R,>= 64,R,8,R,>= 16,R,>= 64,R,<= 1,S,>= 4,R,4,I,256,R,>= 320,R
R311,ERR12178255,SAMN38154118,2022,4,ST147,MOH,BC,Riyadh,Riyadh,Center,24.72857381,46.68651858,RRA,NEG,NA,>= 32,R,>= 32,R,>= 128,R,>= 64,R,>= 64,R,>= 64,R,>= 64,R,>= 64,R,>= 16,R,>= 16,R,>= 64,R,8,I,>= 4,R,2,S,256,R,>= 320,R
R3,ERR12178280,SAMN38154117,2022,2,ST147,MOH,BC,Riyadh,Riyadh,Center,24.72857381,46.68651858,RRA,NEG,NA,>= 32,R,>= 32,R,>= 128,R,>= 64,R,>= 64,R,>= 64,R,>= 64,R,>= 64,R,8,R,>= 16,R,>= 64,R,2,S,>= 4,R,>= 8,R,256,R,>= 320,R
R1356,ERR12178273,SAMN38154111,2023,1,ST147,MOH,BC,Riyadh,Riyadh,Center,24.72857381,46.68651858,RRA,NEG,NA,>= 32,R,>= 32,R,>= 128,R,>= 64,R,>= 64,R,>= 64,R,>= 64,R,>= 64,R,>= 16,R,>= 16,R,>= 64,R,>= 16,R,>= 4,R,2,S,256,R,<= 20,S
R1298,ERR12055297,SAMN37449910,2022,10,ST147,MOH,BC,Riyadh,Riyadh,Center,24.72857381,46.68651858,RRA,NEG,NA,>= 32,R,>= 32,R,>= 128,R,>= 64,R,>= 64,R,4,*R,>= 64,R,>= 64,R,8,R,>= 16,R,32,I,<= 1,S,>= 4,R,2,S,256,R,>= 320,R
R1165,ERR12178205,SAMN38154105,2022,9,ST147,MOH,BC,Riyadh,Riyadh,Center,24.72857381,46.68651858,RRA,NEG,NA,>= 32,R,>= 32,R,>= 128,R,>= 64,R,>= 64,R,4,*R,>= 64,R,>= 64,R,8,R,>= 16,R,>= 64,R,2,S,>= 4,R,4,I,256,R,>= 320,R
Q213,ERR12178167,SAMN38154099,2022,12,ST147,MOH,BC,AlQassim,AlQassim,Center,26.36764728,43.972776,QHB,NEG,NA,>= 32,R,>= 32,R,>= 128,R,>= 64,R,>= 64,R,>= 64,R,>= 64,R,>= 64,R,1*,*I,>= 16,R,>= 64,R,>= 16,R,>= 4,R,2,S,256,R,>= 320,R
Q204,ERR12055259,SAMN37449901,2022,12,ST147,MOH,BC,AlQassim,AlQassim,Center,26.36764728,43.972776,QHB,NEG,NA,>= 32,R,>= 32,R,>= 128,R,>= 64,R,>= 64,R,4,*R,>= 64,R,>= 64,R,>= 16,R,>= 16,R,>= 64,R,>= 16,R,>= 4,R,>= 8,R,>= 512,R,>= 320,R
N285,ERR12178199,SAMN38154089,2022,5,ST147,MOH,BC,Najran,Najran,SouthWest,17.56927051,44.22684712,NHA,NEG,NA,>= 32,R,>= 32,R,>= 128,R,>= 64,R,>= 64,R,>= 64,R,>= 64,R,>= 64,R,>= 16,R,>= 16,R,>= 64,R,8,I,>= 4,R,2,S,256,R,<= 20,S
N242,ERR12178211,SAMN38154087,2022,6,ST147,MOH,BC,Najran,Najran,SouthWest,17.56927051,44.22684712,NHA,NEG,NA,>= 32,R,>= 32,R,>= 128,R,>= 64,R,>= 64,R,>= 64,R,>= 64,R,>= 64,R,>= 16,R,>= 16,R,>= 64,R,4,*I,>= 4,R,2,S,256,R,>= 320,R
N1119,ERR12178265,SAMN38154083,2022,12,ST147,MOH,BC,Najran,Najran,SouthWest,17.56927051,44.22684712,NHB,NEG,NA,>= 32,R,8,*R,>= 128,R,>= 64,R,>= 64,R,>= 64,R,>= 64,R,>= 64,R,>= 16,R,>= 16,R,32,I,<= 1,S,>= 4,R,4,I,>= 512,R,<= 20,S
N1104,ERR12178202,SAMN38154082,2022,12,ST147,MOH,BC,Najran,Najran,SouthWest,17.56927051,44.22684712,NHB,NEG,NA,>= 32,R,>= 32,R,>= 128,R,>= 64,R,>= 64,R,>= 64,R,>= 64,R,>= 64,R,>= 16,R,>= 16,R,32,I,<= 1,S,>= 4,R,4,I,256,R,<= 20,S
N1101,ERR12055271,SAMN37449880,2022,12,ST147,MOH,BC,Najran,Najran,SouthWest,17.56927051,44.22684712,NHB,NEG,NA,>= 32,R,>= 32,R,>= 128,R,>= 64,R,>= 64,R,>= 64,R,>= 64,R,>= 64,R,>= 16,R,>= 16,R,>= 64,R,>= 16,R,>= 4,R,>= 8,R,256,R,40,S
J87,ERR12178241,SAMN38154039,2022,4,ST147,MOH,BC,Jeddah,Makkah,SouthWest,21.40580343,39.86801201,JHA,NEG,NA,>= 32,R,>= 32,R,>= 128,R,>= 64,R,>= 64,R,>= 64,R,>= 64,R,>= 64,R,>= 16,R,>= 16,R,32,I,<= 1,S,>= 4,R,>= 8,R,>= 512,R,<= 20,S
J712,ERR12205218,SAMN38154029,2022,8,ST147,MOH,BC,Jeddah,Makkah,SouthWest,21.40580343,39.86801201,JRA,NEG,NA,>= 32,R,>= 32,R,>= 128,R,>= 64,R,>= 64,R,>= 64,R,>= 64,R,>= 64,R,>= 16,R,>= 16,R,32,I,<= 1,S,>= 4,R,4,I,>= 512,R,>= 320,R
J666,ERR12178188,SAMN38154025,2022,7,ST147,MOH,BC,Jeddah,Makkah,SouthWest,21.40580343,39.86801201,JRA,NEG,NA,>= 32,R,>= 32,R,>= 128,R,>= 64,R,>= 64,R,>= 64,R,>= 64,R,>= 64,R,>= 16,R,>= 16,R,>= 64,R,>= 16,R,>= 4,R,4,I,256,R,>= 320,R
J654,ERR12178145,SAMN38154024,2022,8,ST147,MOH,BC,Jeddah,Makkah,SouthWest,21.40580343,39.86801201,JRA,NEG,NA,>= 32,R,>= 32,R,>= 128,R,>= 64,R,>= 64,R,>= 64,R,>= 64,R,>= 64,R,>= 16,R,>= 16,R,32,I,<= 1,S,>= 4,R,4,I,256,R,>= 320,R
J62,ERR12178124,SAMN38154022,2022,4,ST147,MOH,BC,Jeddah,Makkah,SouthWest,21.40580343,39.86801201,JHB,NEG,NA,>= 32,R,>= 32,R,>= 128,R,>= 64,R,>= 64,R,>= 64,R,>= 64,R,>= 64,R,>= 16,R,>= 16,R,>= 64,R,4,*I,>= 4,R,>= 8,R,256,R,>= 320,R
J57,ERR12178540,SAMN38154019,2022,12,ST147,MOH,BC,Jeddah,Makkah,SouthWest,21.40580343,39.86801201,JHB,NEG,NA,>= 32,R,>= 32,R,>= 128,R,>= 64,R,>= 64,R,>= 64,R,>= 64,R,>= 64,R,>= 16,R,>= 16,R,16,*I,<= 1,S,>= 4,R,4,I,256,R,>= 320,R
J54,ERR12178206,SAMN38154017,2022,4,ST147,MOH,BC,Jeddah,Makkah,SouthWest,21.40580343,39.86801201,JHB,NEG,NA,>= 32,R,>= 32,R,>= 128,R,>= 64,R,>= 64,R,>= 64,R,>= 64,R,>= 64,R,>= 16,R,>= 16,R,32,I,<= 1,S,>= 4,R,4,I,>= 512,R,>= 320,R
J537,ERR12178155,SAMN38154016,2022,1,ST147,MOH,BC,Jeddah,Makkah,SouthWest,21.40580343,39.86801201,JHC,NEG,NA,>= 32,R,>= 32,R,>= 128,R,>= 64,R,>= 64,R,>= 64,R,>= 64,R,>= 64,R,>= 16,R,>= 16,R,32,I,<= 1,S,>= 4,R,4,I,256,R,>= 320,R
J333,ERR12178235,SAMN38154013,2022,5,ST147,MOH,BC,Jeddah,Makkah,SouthWest,21.40580343,39.86801201,JRA,NEG,NA,>= 32,R,>= 32,R,>= 128,R,>= 64,R,>= 64,R,>= 64,R,>= 64,R,>= 64,R,>= 16,R,>= 16,R,>= 64,R,>= 16,R,>= 4,R,4,I,256,R,>= 320,R
J238,ERR12178183,SAMN38154008,2022,5,ST147,MOH,BC,Jeddah,Makkah,SouthWest,21.40580343,39.86801201,JHB,NEG,NA,>= 32,R,>= 32,R,>= 128,R,>= 64,R,>= 64,R,>= 64,R,>= 64,R,>= 64,R,8,R,>= 16,R,32,I,<= 1,S,>= 4,R,4,I,256,R,40,S
J100,ERR12178146,SAMN38154003,2022,11,ST147,MOH,BC,Jeddah,Makkah,SouthWest,21.40580343,39.86801201,JHA,NEG,NA,>= 32,R,>= 32,R,>= 128,R,>= 64,R,>= 64,R,>= 64,R,>= 64,R,>= 64,R,>= 16,R,>= 16,R,>= 64,R,>= 16,R,>= 4,R,4,I,256,R,>= 320,R
GR-50,ERR12178232,SAMN38153992,2022,10,ST147,MOH,BC,AlQurayat,AlJawf,North,31.33612258,37.36650781,GRHA,NEG,NA,>= 32,R,>= 32,R,>= 128,R,>= 64,R,>= 64,R,>= 64,R,>= 64,R,>= 64,R,8,R,>= 16,R,>= 64,R,8,I,>= 4,R,>= 8,R,256,R,>= 320,R
Q103,ERR12055283,SAMN37449894,2022,8,ST147,MOH,BC,AlQassim,AlQassim,Center,26.36764728,43.972776,QHA,NEG,NA,>= 32,R,>= 32,R,>= 128,R,>= 64,R,>= 64,R,>= 64,R,>= 64,R,>= 64,R,>= 16,R,>= 16,R,4,S,>= 16,R,>= 4,R,4,I,256,R,>= 320,R
Q97,ERR12055289,SAMN37449903,2022,8,ST147,MOH,BC,AlQassim,AlQassim,Center,26.36764728,43.972776,QHA,NEG,NA,>= 32,R,>= 32,R,>= 128,R,>= 64,R,>= 64,R,>= 64,R,>= 64,R,>= 64,R,>= 16,R,>= 16,R,4,S,>= 16,R,>= 4,R,4,I,128,R,>= 320,R
Q137,ERR12055274,SAMN37449898,2022,9,ST147,MOH,BC,AlQassim,AlQassim,Center,26.36764728,43.972776,QHA,NEG,NA,>= 32,R,>= 32,R,>= 128,R,>= 64,R,>= 64,R,>= 64,R,>= 64,R,>= 64,R,>= 16,R,>= 16,R,4,S,>= 16,R,>= 4,R,>= 8,R,>= 512,R,>= 320,R
M495,ERR12178152,SAMN38154065,2022,5,ST147,MOH,BC,AlMadinah,AlMadinah,West,24.52534326,39.5907648,MRA,NEG,NA,>= 32,R,>= 32,R,>= 128,R,>= 64,R,>= 64,R,>= 64,R,>= 64,R,>= 64,R,>= 16,R,>= 16,R,<= 2,S,>= 16,R,>= 4,R,4,I,256,R,<= 20,S
M616,ERR12178134,SAMN38154071,2022,6,ST147,MOH,BC,AlMadinah,AlMadinah,West,24.52534326,39.5907648,MRA,NEG,NA,>= 32,R,>= 32,R,>= 128,R,>= 64,R,>= 64,R,>= 64,R,>= 64,R,>= 64,R,8,R,>= 16,R,>= 64,R,>= 16,R,>= 4,R,4,I,256,R,<= 20,S
M249,ERR12178244,SAMN38154057,2022,3,ST147,MOH,BC,AlMadinah,AlMadinah,West,24.52534326,39.5907648,MHA,NEG,NA,>= 32,R,>= 32,R,>= 128,R,>= 64,R,>= 64,R,>= 64,R,>= 64,R,>= 64,R,>= 16,R,>= 16,R,>= 64,R,>= 16,R,>= 4,R,2,S,256,R,>= 320,R
R596,ERR12178274,SAMN38154126,2022,6,ST147,MOH,BC,Riyadh,Riyadh,Center,24.72857381,46.68651858,RRA,NEG,NA,>= 32,R,>= 32,R,>= 128,R,>= 64,R,>= 64,R,>= 64,R,>= 64,R,>= 64,R,>= 16,R,>= 16,R,>= 64,R,>= 16,R,>= 4,R,2,S,256,R,40,S
M203,ERR12178153,SAMN38154056,2022,8,ST1552,MOH,BC,AlMadinah,AlMadinah,West,24.52534326,39.5907648,MHA,NEG,NA,>= 32,R,>= 32,R,>= 128,R,>= 64,R,>= 64,R,>= 64,R,>= 64,R,>= 64,R,>= 16,R,>= 16,R,<= 2,S,>= 16,R,>= 4,R,>= 8,R,128,R,>= 320,R
R1296,ERR12178254,SAMN38154107,2022,10,ST16,MOH,BC,Riyadh,Riyadh,Center,24.72857381,46.68651858,RRA,POS,+,>= 32,R,16,I,16,I,>= 64,R,<= 4,S,>= 64,R,>= 64,R,>= 64,R,<= 0.25,S,<= 0.25,S,<= 2,S,>= 16,R,<= 0.25,S,1,S,64,I,>= 320,R
J818,ERR12178278,SAMN38154037,2022,10,ST16,MOH,BC,Jeddah,Makkah,SouthWest,21.40580343,39.86801201,JHA,NEG,NA,>= 32,R,>= 32,R,>= 128,R,>= 64,R,>= 64,R,>= 64,R,>= 64,R,>= 64,R,>= 16,R,>= 16,R,<= 2,S,>= 16,R,>= 4,R,2,S,128,R,>= 320,R
J814,ERR12178267,SAMN38154036,2022,9,ST16,MOH,BC,Jeddah,Makkah,SouthWest,21.40580343,39.86801201,JHA,NEG,NA,>= 32,R,>= 32,R,>= 128,R,>= 64,R,>= 64,R,>= 64,R,>= 64,R,>= 64,R,2,S,>= 16,R,>= 64,R,>= 16,R,>= 4,R,4,I,128,R,<= 20,S
J738,ERR12178240,SAMN38154031,2022,8,ST16,MOH,BC,Jeddah,Makkah,SouthWest,21.40580343,39.86801201,JRA,NEG,NA,>= 32,R,>= 32,R,>= 128,R,>= 64,R,>= 64,R,>= 64,R,>= 64,R,>= 64,R,2,S,>= 16,R,<= 2,S,>= 16,R,>= 4,R,4,I,128,R,>= 320,R
J693,ERR12178212,SAMN38154027,2022,8,ST16,MOH,BC,Jeddah,Makkah,SouthWest,21.40580343,39.86801201,JRA,NEG,NA,>= 32,R,>= 32,R,>= 128,R,>= 64,R,>= 64,R,>= 64,R,>= 64,R,>= 64,R,>= 16,R,>= 16,R,>= 64,R,>= 16,R,>= 4,R,4,I,128,R,>= 320,R
J461,ERR12178234,SAMN38154015,2022,7,ST16,MOH,BC,Jeddah,Makkah,SouthWest,21.40580343,39.86801201,JHC,NEG,NA,>= 32,R,>= 32,R,>= 128,R,>= 64,R,>= 64,R,>= 64,R,>= 64,R,>= 64,R,>= 16,R,>= 16,R,>= 64,R,>= 16,R,>= 4,R,4,I,128,R,>= 320,R
J268,ERR12178196,SAMN38154011,2022,6,ST16,MOH,BC,Jeddah,Makkah,SouthWest,21.40580343,39.86801201,JHC,NEG,NA,>= 32,R,>= 32,R,>= 128,R,>= 64,R,>= 64,R,>= 64,R,>= 64,R,>= 64,R,>= 16,R,>= 16,R,>= 64,R,>= 16,R,>= 4,R,4,I,128,R,>= 320,R
J242,ERR12178128,SAMN38154009,2022,4,ST16,MOH,BC,Jeddah,Makkah,SouthWest,21.40580343,39.86801201,JHC,NEG,NA,>= 32,R,>= 32,R,>= 128,R,>= 64,R,>= 64,R,>= 64,R,>= 64,R,>= 64,R,>= 16,R,>= 16,R,>= 64,R,>= 16,R,>= 4,R,4,I,128,R,>= 320,R
J235,ERR12178180,SAMN38154007,2022,5,ST16,MOH,BC,Jeddah,Makkah,SouthWest,21.40580343,39.86801201,JHB,NEG,NA,>= 32,R,>= 32,R,>= 128,R,>= 64,R,>= 64,R,>= 64,R,>= 64,R,>= 64,R,>= 16,R,>= 16,R,>= 64,R,>= 16,R,>= 4,R,4,I,128,R,>= 320,R
J181,ERR12178252,SAMN38154004,2022,5,ST16,MOH,BC,Jeddah,Makkah,SouthWest,21.40580343,39.86801201,JHB,NEG,NA,>= 32,R,>= 32,R,>= 128,R,>= 64,R,>= 64,R,>= 64,R,>= 64,R,>= 64,R,>= 16,R,>= 16,R,>= 64,R,>= 16,R,>= 4,R,4,I,128,R,>= 320,R
T39,ERR12178156,SAMN38154139,2022,3,ST16,MOH,BC,Taif,Makkah,SouthWest,21.28918403,40.42073622,THB,NEG,NA,>= 32,R,>= 32,R,>= 128,R,>= 64,R,>= 64,R,>= 64,R,>= 64,R,>= 64,R,8,R,>= 16,R,<= 2,S,<= 1,S,>= 4,R,4,I,128,R,>= 320,R
T197,ERR12055291,SAMN37449919,2022,11,ST16,MOH,BC,Taif,Makkah,SouthWest,21.28918403,40.42073622,THA,NEG,NA,>= 32,R,>= 32,R,>= 128,R,>= 64,R,>= 64,R,16,*R,>= 64,R,>= 64,R,>= 16,R,>= 16,R,>= 64,R,>= 16,R,>= 4,R,2,S,>= 512,R,>= 320,R
M924,ERR12178256,SAMN38154080,2022,8,ST16,MOH,BC,AlMadinah,AlMadinah,West,24.52534326,39.5907648,MRA,NEG,NA,>= 32,R,>= 32,R,>= 128,R,>= 64,R,>= 64,R,>= 64,R,>= 64,R,>= 64,R,>= 16,R,>= 16,R,<= 2,S,<= 1,S,>= 4,R,>= 8,R,128,R,>= 320,R
M549,ERR12178242,SAMN38154068,2022,5,ST2096,MOH,BC,AlMadinah,AlMadinah,West,24.52534326,39.5907648,MRA,NEG,NA,>= 32,R,>= 32,R,>= 128,R,>= 64,R,>= 64,R,>= 64,R,>= 64,R,>= 64,R,>= 16,R,>= 16,R,>= 64,R,>= 16,R,>= 4,R,4,I,256,R,>= 320,R
TK123,ERR12055293,SAMN37449926,2022,12,ST2096,MOH,BC,Tabuk,Tabuk,NorthWest,28.38719742,36.56521253,TKHA,NEG,NA,>= 32,R,>= 32,R,>= 128,R,>= 64,R,>= 64,R,16,*R,>= 64,R,>= 64,R,>= 16,R,>= 16,R,>= 64,R,>= 16,R,>= 4,R,4,I,128,R,>= 320,R
T183,ERR12055258,SAMN37449918,2022,10,ST2096,MOH,BC,Taif,Makkah,SouthWest,21.28918403,40.42073622,THA,NEG,NA,>= 32,R,>= 32,R,>= 128,R,>= 64,R,>= 64,R,>= 64,R,>= 64,R,>= 64,R,2,S,>= 16,R,>= 64,R,>= 16,R,>= 4,R,2,S,256,R,>= 320,R
R68,ERR12178215,SAMN38154127,2022,3,ST2096,MOH,BC,Riyadh,Riyadh,Center,24.72857381,46.68651858,RRA,POS,+,>= 32,R,>= 32,R,>= 128,R,>= 64,R,>= 64,R,>= 64,R,>= 64,R,>= 64,R,<= 0.25,S,<= 0.25,S,>= 64,R,>= 16,R,>= 4,R,1,S,256,R,>= 320,R
R408,ERR12178219,SAMN38154125,2022,5,ST2096,MOH,BC,Riyadh,Riyadh,Center,24.72857381,46.68651858,RRA,NEG,NA,>= 32,R,>= 32,R,>= 128,R,>= 64,R,>= 64,R,>= 64,R,>= 64,R,>= 64,R,1*,*I,>= 16,R,8,*I,<= 1,S,>= 4,R,4,I,256,R,>= 320,R
R347,ERR12178148,SAMN38154122,2022,4,ST2096,MOH,BC,Riyadh,Riyadh,Center,24.72857381,46.68651858,RRA,NEG,NA,>= 32,R,>= 32,R,>= 128,R,>= 64,R,>= 64,R,>= 64,R,>= 64,R,>= 64,R,>= 16,R,>= 16,R,>= 64,R,>= 16,R,>= 4,R,4,I,256,R,>= 320,R
R317,ERR12178164,SAMN38154121,2022,4,ST2096,MOH,BC,Riyadh,Riyadh,Center,24.72857381,46.68651858,RRA,NEG,NA,>= 32,R,>= 32,R,>= 128,R,>= 64,R,>= 64,R,>= 64,R,>= 64,R,>= 64,R,8,R,>= 16,R,>= 64,R,>= 16,R,>= 4,R,>= 8,R,256,R,>= 320,R
R314,ERR12178161,SAMN38154120,2022,4,ST2096,MOH,BC,Riyadh,Riyadh,Center,24.72857381,46.68651858,RRA,NEG,NA,>= 32,R,>= 32,R,>= 128,R,>= 64,R,>= 64,R,>= 64,R,>= 64,R,>= 64,R,>= 16,R,>= 16,R,>= 64,R,>= 16,R,>= 4,R,4,I,256,R,>= 320,R
R313,ERR12178139,SAMN38154119,2022,4,ST2096,MOH,BC,Riyadh,Riyadh,Center,24.72857381,46.68651858,RRA,NEG,NA,>= 32,R,>= 32,R,>= 128,R,>= 64,R,>= 64,R,>= 64,R,>= 64,R,>= 64,R,>= 16,R,>= 16,R,>= 64,R,>= 16,R,>= 4,R,4,I,256,R,>= 320,R
R235,ERR12055280,SAMN37449912,2022,4,ST2096,MOH,BC,Riyadh,Riyadh,Center,24.72857381,46.68651858,RRA,NEG,NA,>= 32,R,>= 32,R,>= 128,R,>= 64,R,>= 64,R,>= 64,R,>= 64,R,>= 64,R,2,S,>= 16,R,8,*I,<= 1,S,>= 4,R,2,S,256,R,>= 320,R
R233,ERR12178185,SAMN38154116,2022,4,ST2096,MOH,BC,Riyadh,Riyadh,Center,24.72857381,46.68651858,RRA,NEG,NA,>= 32,R,>= 32,R,>= 128,R,>= 64,R,>= 64,R,>= 64,R,>= 64,R,>= 64,R,1*,*I,>= 16,R,8,*I,<= 1,S,>= 4,R,2,S,128,R,>= 320,R
R185,ERR12178127,SAMN38154113,2022,3,ST2096,MOH,BC,Riyadh,Riyadh,Center,24.72857381,46.68651858,RRA,POS,+,>= 32,R,>= 32,R,>= 128,R,>= 64,R,>= 64,R,>= 64,R,>= 64,R,>= 64,R,<= 0.25*,*I,>= 16,R,>= 64,R,>= 16,R,>= 4,R,>= 8,R,256,R,>= 320,R
R1352,ERR12178271,SAMN38154110,2023,1,ST2096,MOH,BC,Riyadh,Riyadh,Center,24.72857381,46.68651858,RRA,NEG,NA,>= 32,R,>= 32,R,>= 128,R,>= 64,R,>= 64,R,>= 64,R,>= 64,R,>= 64,R,1*,*I,>= 16,R,>= 64,R,2,S,>= 4,R,2,S,256,R,>= 320,R
R1350,ERR12178132,SAMN38154109,2023,1,ST2096,MOH,BC,Riyadh,Riyadh,Center,24.72857381,46.68651858,RRA,NEG,NA,>= 32,R,>= 32,R,>= 128,R,>= 64,R,>= 64,R,>= 64,R,8,R,2,*R,1*,*I,>= 16,R,<= 2,S,<= 1,S,>= 4,R,4,I,256,R,<= 20,S
R1251,ERR12055265,SAMN37449909,2022,10,ST2096,MOH,BC,Riyadh,Riyadh,Center,24.72857381,46.68651858,RHA,NEG,NA,>= 32,R,>= 32,R,>= 128,R,>= 64,R,>= 64,R,>= 64,R,>= 64,R,>= 64,R,1*,*I,>= 16,R,>= 64,R,>= 16,R,>= 4,R,1,S,256,R,>= 320,R
R121,ERR12055257,SAMN37449907,2022,3,ST2096,MOH,BC,Riyadh,Riyadh,Center,24.72857381,46.68651858,RRA,NEG,NA,>= 32,R,>= 32,R,>= 128,R,>= 64,R,>= 64,R,>= 64,R,>= 64,R,>= 64,R,2,S,>= 16,R,>= 64,R,>= 16,R,>= 4,R,4,I,256,R,>= 320,R
R120,ERR12055251,SAMN37449906,2022,3,ST2096,MOH,BC,Riyadh,Riyadh,Center,24.72857381,46.68651858,RRA,NEG,NA,>= 32,R,>= 32,R,>= 128,R,>= 64,R,>= 64,R,>= 64,R,>= 64,R,>= 64,R,2,S,>= 16,R,>= 64,R,>= 16,R,>= 4,R,2,S,>= 512,R,>= 320,R
R1024,ERR12055266,SAMN37449905,2022,6,ST2096,MOH,BC,Riyadh,Riyadh,Center,24.72857381,46.68651858,RHA,NEG,NA,>= 32,R,>= 32,R,>= 128,R,>= 64,R,>= 64,R,>= 64,R,>= 64,R,>= 64,R,1*,*I,8,I,8,*I,<= 1,S,>= 4,R,2,S,256,R,40,S
Q214,ERR12055279,SAMN37449902,2022,10,ST2096,MOH,BC,AlQassim,AlQassim,Center,26.36764728,43.972776,QHB,NEG,NA,>= 32,R,>= 32,R,>= 128,R,>= 64,R,>= 64,R,>= 64,R,>= 64,R,>= 64,R,2,S,>= 16,R,>= 64,R,<= 1,S,>= 4,R,2,S,256,R,>= 320,R
Q203,ERR12055273,SAMN37449900,2022,12,ST2096,MOH,BC,AlQassim,AlQassim,Center,26.36764728,43.972776,QHB,NEG,NA,>= 32,R,>= 32,R,>= 128,R,>= 64,R,>= 64,R,>= 64,R,>= 64,R,>= 64,R,1*,*I,>= 16,R,>= 64,R,2,S,>= 4,R,2,S,256,R,>= 320,R
Q166,ERR12055295,SAMN37449899,2022,10,ST2096,MOH,BC,AlQassim,AlQassim,Center,26.36764728,43.972776,QHC,NEG,NA,>= 32,R,>= 32,R,>= 128,R,>= 64,R,>= 64,R,>= 64,R,>= 64,R,>= 64,R,2,S,>= 16,R,>= 64,R,>= 16,R,>= 4,R,4,I,256,R,>= 320,R
Q119,ERR12055299,SAMN37449896,2022,8,ST2096,MOH,BC,AlQassim,AlQassim,Center,26.36764728,43.972776,QHA,NEG,NA,>= 32,R,>= 32,R,>= 128,R,>= 64,R,>= 64,R,>= 64,R,>= 64,R,>= 64,R,>= 16,R,>= 16,R,>= 64,R,<= 1,S,>= 4,R,4,I,256,R,>= 320,R
N889,ERR12055270,SAMN37449893,2022,10,ST2096,MOH,BC,Najran,Najran,SouthWest,17.56927051,44.22684712,NHA,NEG,NA,>= 32,R,>= 32,R,>= 128,R,>= 64,R,>= 64,R,>= 64,R,>= 64,R,>= 64,R,2,S,>= 16,R,32,I,<= 1,S,>= 4,R,2,S,256,R,40,S
N769,ERR12055254,SAMN37449890,2022,10,ST2096,MOH,BC,Najran,Najran,SouthWest,17.56927051,44.22684712,NHB,NEG,NA,>= 32,R,>= 32,R,>= 128,R,>= 64,R,>= 64,R,>= 64,R,>= 64,R,>= 64,R,1*,*I,8,I,32,I,<= 1,S,>= 4,R,2,S,128,R,40,S
N698,ERR12205229,SAMN38154096,2022,9,ST2096,MOH,BC,Najran,Najran,SouthWest,17.56927051,44.22684712,NHC,NEG,NA,>= 32,R,>= 32,R,>= 128,R,>= 64,R,>= 64,R,4,*R,>= 64,R,>= 64,R,>= 16,R,>= 16,R,>= 64,R,>= 16,R,>= 4,R,>= 8,R,256,R,>= 320,R
N695,ERR12178175,SAMN38154095,2022,9,ST2096,MOH,BC,Najran,Najran,SouthWest,17.56927051,44.22684712,NHC,NEG,NA,>= 32,R,>= 32,R,>= 128,R,>= 64,R,>= 64,R,>= 64,R,>= 64,R,>= 64,R,>= 16,R,>= 16,R,>= 64,R,>= 16,R,>= 4,R,4,I,256,R,>= 320,R
N665,ERR12178191,SAMN38154093,2022,9,ST2096,MOH,BC,Najran,Najran,SouthWest,17.56927051,44.22684712,NHC,NEG,NA,>= 32,R,>= 32,R,>= 128,R,>= 64,R,>= 64,R,>= 64,R,>= 64,R,>= 64,R,2,S,>= 16,R,>= 64,R,2,S,>= 4,R,2,S,>= 512,R,>= 320,R
N643,ERR12055267,SAMN37449888,2022,9,ST2096,MOH,BC,Najran,Najran,SouthWest,17.56927051,44.22684712,NHC,NEG,NA,>= 32,R,>= 32,R,>= 128,R,>= 64,R,>= 64,R,>= 64,R,>= 64,R,>= 64,R,2,S,>= 16,R,>= 64,R,>= 16,R,>= 4,R,2,S,256,R,>= 320,R
N348,ERR12178228,SAMN38154090,2022,6,ST2096,MOH,BC,Najran,Najran,SouthWest,17.56927051,44.22684712,NRA,NEG,NA,>= 32,R,>= 32,R,>= 128,R,>= 64,R,>= 64,R,>= 64,R,>= 64,R,>= 64,R,>= 16,R,>= 16,R,>= 64,R,>= 16,R,>= 4,R,2,S,128,R,>= 320,R
N135,ERR12178133,SAMN38154085,2022,4,ST2096,MOH,BC,Najran,Najran,SouthWest,17.56927051,44.22684712,NHC,NEG,NA,>= 32,R,>= 32,R,>= 128,R,>= 64,R,>= 64,R,>= 64,R,>= 64,R,>= 64,R,>= 16,R,>= 16,R,>= 64,R,>= 16,R,>= 4,R,2,S,256,R,>= 320,R
N1132,ERR12055292,SAMN37449881,2022,12,ST2096,MOH,BC,Najran,Najran,SouthWest,17.56927051,44.22684712,NHB,POS,+,>= 32,R,16,I,32,R,>= 64,R,>= 64,R,<= 1*,S,<= 1,S,2,S,<= 0.25,S,<= 0.25,S,<= 2,S,<= 1,S,>= 4,R,2,S,256,R,<= 20,S
M88,ERR12178204,SAMN38154079,2022,2,ST2096,MOH,BC,AlMadinah,AlMadinah,West,24.52534326,39.5907648,MHA,NEG,NA,>= 32,R,>= 32,R,>= 128,R,>= 64,R,>= 64,R,>= 64,R,>= 64,R,>= 64,R,2,S,>= 16,R,>= 64,R,2,S,>= 4,R,4,I,256,R,>= 320,R
M87,ERR12178140,SAMN38154078,2022,2,ST2096,MOH,BC,AlMadinah,AlMadinah,West,24.52534326,39.5907648,MHA,NEG,NA,>= 32,R,>= 32,R,>= 128,R,>= 64,R,>= 64,R,>= 64,R,>= 64,R,>= 64,R,2,S,>= 16,R,>= 64,R,>= 16,R,>= 4,R,4,I,256,R,>= 320,R
M861,ERR12178263,SAMN38154077,2022,8,ST2096,MOH,BC,AlMadinah,AlMadinah,West,24.52534326,39.5907648,MRA,NEG,NA,>= 32,R,>= 32,R,>= 128,R,>= 64,R,>= 64,R,4,*R,8,R,8,*R,1*,*I,>= 16,R,>= 64,R,>= 16,R,>= 4,R,4,I,256,R,>= 320,R
M853,ERR12178270,SAMN38154076,2022,8,ST2096,MOH,BC,AlMadinah,AlMadinah,West,24.52534326,39.5907648,MRA,NEG,NA,>= 32,R,>= 32,R,>= 128,R,>= 64,R,>= 64,R,>= 64,R,>= 64,R,>= 64,R,1*,*I,>= 16,R,>= 64,R,>= 16,R,>= 4,R,4,I,256,R,>= 320,R
M851,ERR12178249,SAMN38154075,2022,8,ST2096,MOH,BC,AlMadinah,AlMadinah,West,24.52534326,39.5907648,MRA,NEG,NA,>= 32,R,>= 32,R,>= 128,R,>= 64,R,>= 64,R,2,*R,8,R,2,*R,1*,*I,>= 16,R,<= 2,S,<= 1,S,>= 4,R,2,S,256,R,40,S
M85,ERR12178149,SAMN38154074,2022,3,ST2096,MOH,BC,AlMadinah,AlMadinah,West,24.52534326,39.5907648,MHA,NEG,NA,>= 32,R,>= 32,R,>= 128,R,>= 64,R,>= 64,R,>= 64,R,>= 64,R,>= 64,R,2,S,>= 16,R,>= 64,R,>= 16,R,>= 4,R,4,I,256,R,>= 320,R
M824,ERR12178253,SAMN38154073,2022,7,ST2096,MOH,BC,AlMadinah,AlMadinah,West,24.52534326,39.5907648,MRA,POS,+,>= 32,R,>= 32,R,>= 128,R,>= 64,R,>= 64,R,>= 64,R,>= 64,R,>= 64,R,<= 0.25,S,<= 0.25,S,>= 64,R,>= 16,R,>= 4,R,4,I,256,R,>= 320,R
M462,ERR12205230,SAMN38154064,2022,8,ST2096,MOH,BC,AlMadinah,AlMadinah,West,24.52534326,39.5907648,MRA,NEG,NA,>= 32,R,>= 32,R,>= 128,R,>= 64,R,>= 64,R,>= 64,R,>= 64,R,>= 64,R,8,R,>= 16,R,>= 64,R,>= 16,R,>= 4,R,4,I,256,R,>= 320,R
M459,ERR12178135,SAMN38154063,2022,5,ST2096,MOH,BC,AlMadinah,AlMadinah,West,24.52534326,39.5907648,MRA,NEG,NA,>= 32,R,>= 32,R,>= 128,R,>= 64,R,>= 64,R,>= 64,R,>= 64,R,>= 64,R,>= 16,R,>= 16,R,>= 64,R,>= 16,R,>= 4,R,4,I,256,R,>= 320,R
M397,ERR12178174,SAMN38154062,2022,5,ST2096,MOH,BC,AlMadinah,AlMadinah,West,24.52534326,39.5907648,MRA,NEG,NA,>= 32,R,>= 32,R,>= 128,R,>= 64,R,>= 64,R,>= 64,R,>= 64,R,>= 64,R,0.5*,*I,1,S,>= 64,R,2,S,>= 4,R,>= 8,R,256,R,>= 320,R
M387,ERR12178275,SAMN38154061,2022,4,ST2096,MOH,BC,AlMadinah,AlMadinah,West,24.52534326,39.5907648,MRA,NEG,NA,>= 32,R,>= 32,R,>= 128,R,>= 64,R,>= 64,R,>= 64,R,8,R,8,*R,>= 16,R,>= 16,R,4,S,<= 1,S,>= 4,R,4,I,256,R,40,S
M351,ERR12178259,SAMN38154060,2022,4,ST2096,MOH,BC,AlMadinah,AlMadinah,West,24.52534326,39.5907648,MRA,NEG,NA,>= 32,R,>= 32,R,>= 128,R,>= 64,R,>= 64,R,>= 64,R,>= 64,R,>= 64,R,>= 16,R,>= 16,R,>= 64,R,>= 16,R,>= 4,R,>= 8,R,256,R,>= 320,R
M290,ERR12205219,SAMN38154058,2022,2,ST2096,MOH,BC,AlMadinah,AlMadinah,West,24.52534326,39.5907648,MRA,NEG,NA,>= 32,R,>= 32,R,>= 128,R,>= 64,R,>= 64,R,>= 64,R,>= 64,R,>= 64,R,2,S,>= 16,R,>= 64,R,>= 16,R,>= 4,R,4,I,>= 512,R,>= 320,R
M1109,ERR12178221,SAMN38154054,2022,10,ST2096,MOH,BC,AlMadinah,AlMadinah,West,24.52534326,39.5907648,MRA,NEG,NA,>= 32,R,>= 32,R,>= 128,R,>= 64,R,>= 64,R,16,*R,>= 64,R,>= 64,R,4,I,>= 16,R,>= 64,R,>= 16,R,>= 4,R,4,I,256,R,>= 320,R
J787,ERR12178218,SAMN38154034,2022,8,ST2096,MOH,BC,Jeddah,Makkah,SouthWest,21.40580343,39.86801201,JHC,NEG,NA,>= 32,R,>= 32,R,>= 128,R,>= 64,R,>= 64,R,>= 64,R,>= 64,R,>= 64,R,<= 0.25*,*I,1,S,>= 64,R,>= 16,R,>= 4,R,4,I,256,R,>= 320,R
J573,ERR12178170,SAMN38154020,2022,5,ST2096,MOH,BC,Jeddah,Makkah,SouthWest,21.40580343,39.86801201,JHC,NEG,NA,>= 32,R,>= 32,R,>= 128,R,>= 64,R,>= 64,R,>= 64,R,>= 64,R,>= 64,R,1*,*I,>= 16,R,>= 64,R,>= 16,R,>= 4,R,2,S,256,R,>= 320,R
J561,ERR12178220,SAMN38154018,2022,7,ST2096,MOH,BC,Jeddah,Makkah,SouthWest,21.40580343,39.86801201,JHC,NEG,*+,>= 32,R,>= 32,R,>= 128,R,>= 64,R,>= 64,R,>= 64,R,>= 64,R,>= 64,R,<= 0.25,S,<= 0.25,S,>= 64,R,>= 16,R,>= 4,R,>= 8,R,256,R,>= 320,R
J275,ERR12178160,SAMN38154012,2022,6,ST2096,MOH,BC,Jeddah,Makkah,SouthWest,21.40580343,39.86801201,JHC,NEG,NA,>= 32,R,>= 32,R,>= 128,R,>= 64,R,>= 64,R,4,*R,8,R,4,*R,2,S,>= 16,R,<= 2,S,<= 1,S,>= 4,R,<= 0.5,S,256,R,<= 20,S
J248,ERR12178186,SAMN38154010,2022,2,ST2096,MOH,BC,Jeddah,Makkah,SouthWest,21.40580343,39.86801201,JHC,NEG,NA,>= 32,R,>= 32,R,>= 128,R,>= 64,R,>= 64,R,>= 64,R,>= 64,R,>= 64,R,4,I,>= 16,R,>= 64,R,8,I,>= 4,R,>= 8,R,256,R,>= 320,R
HA-119,ERR12178138,SAMN38154001,2022,11,ST2096,MOH,BC,Hail,Hail,NorthWest,27.51785834,41.71945209,HARA,NEG,NA,>= 32,R,>= 32,R,>= 128,R,>= 64,R,>= 64,R,>= 64,R,>= 64,R,>= 64,R,8,R,>= 16,R,32,I,<= 1,S,2,R,<= 0.5,S,64,I,<= 20,S
HA-108,ERR12178159,SAMN38154000,2022,11,ST2096,MOH,BC,Hail,Hail,NorthWest,27.51785834,41.71945209,HARA,NEG,NA,>= 32,R,>= 32,R,>= 128,R,>= 64,R,>= 64,R,>= 64,R,>= 64,R,>= 64,R,2,S,>= 16,R,>= 64,R,>= 16,R,>= 4,R,2,S,128,R,>= 320,R
H68,ERR12178169,SAMN38153999,2022,1,ST2096,MOH,BC,AlHasa,AlHasa,East,25.38327237,49.5899644,HHA,NEG,NA,>= 32,R,>= 32,R,>= 128,R,>= 64,R,>= 64,R,>= 64,R,>= 64,R,>= 64,R,>= 16,R,>= 16,R,8,*I,<= 1,S,>= 4,R,2,S,256,R,>= 320,R
H411,ERR12178251,SAMN38153998,2023,2,ST2096,MOH,BC,AlHasa,AlHasa,East,25.38327237,49.5899644,HHB,NEG,NA,>= 32,R,>= 32,R,>= 128,R,>= 64,R,>= 64,R,16,*R,>= 64,R,>= 64,R,2,S,>= 16,R,>= 64,R,>= 16,R,>= 4,R,4,I,256,R,>= 320,R
H399,ERR12178282,SAMN38153997,2023,3,ST2096,MOH,BC,AlHasa,AlHasa,East,25.38327237,49.5899644,HHB,NEG,NA,>= 32,R,>= 32,R,>= 128,R,>= 64,R,>= 64,R,>= 64,R,>= 64,R,>= 64,R,2,S,>= 16,R,>= 64,R,>= 16,R,>= 4,R,4,I,256,R,>= 320,R
H302,ERR12178147,SAMN38153996,2022,10,ST2096,MOH,BC,AlHasa,AlHasa,East,25.38327237,49.5899644,HHB,NEG,NA,>= 32,R,>= 32,R,>= 128,R,>= 64,R,>= 64,R,>= 64,R,>= 64,R,>= 64,R,2,S,>= 16,R,>= 64,R,>= 16,R,>= 4,R,4,I,256,R,>= 320,R
H268,ERR12178245,SAMN38153995,2022,8,ST2096,MOH,BC,AlHasa,AlHasa,East,25.38327237,49.5899644,HHB,NEG,NA,>= 32,R,>= 32,R,>= 128,R,>= 64,R,>= 64,R,>= 64,R,>= 64,R,>= 64,R,1*,*I,>= 16,R,>= 64,R,>= 16,R,>= 4,R,2,S,256,R,>= 320,R
H226,ERR12178238,SAMN38153994,2022,3,ST2096,MOH,BC,AlHasa,AlHasa,East,25.38327237,49.5899644,HHA,NEG,NA,>= 32,R,>= 32,R,>= 128,R,>= 64,R,>= 64,R,>= 64,R,>= 64,R,>= 64,R,1*,*I,>= 16,R,>= 64,R,>= 16,R,>= 4,R,>= 8,R,256,R,>= 320,R
H133,ERR12178258,SAMN38153993,2022,5,ST2096,MOH,BC,AlHasa,AlHasa,East,25.38327237,49.5899644,HHA,NEG,NA,>= 32,R,>= 32,R,>= 128,R,>= 64,R,>= 64,R,2,*R,4,R,4,*R,2,S,>= 16,R,4,S,<= 1,S,>= 4,R,>= 8,R,128,R,40,S
R2,ERR12178214,SAMN38154115,2022,2,ST2096,MOH,BC,Riyadh,Riyadh,Center,24.72857381,46.68651858,RRA,NEG,NA,>= 32,R,>= 32,R,>= 128,R,>= 64,R,>= 64,R,>= 64,R,>= 64,R,>= 64,R,>= 16,R,>= 16,R,>= 64,R,>= 16,R,>= 4,R,2,S,256,R,>= 320,R
M1139,ERR12178158,SAMN38154055,2022,4,ST2096,MOH,BC,AlMadinah,AlMadinah,West,24.52534326,39.5907648,MRA,NEG,NA,>= 32,R,>= 32,R,>= 128,R,>= 64,R,>= 64,R,2,*R,8,R,2,*R,1*,*I,4,S,<= 2,S,<= 1,S,>= 4,R,4,I,256,R,<= 20,S
J586,ERR12178284,SAMN38154021,2022,8,ST2096,MOH,BC,Jeddah,Makkah,SouthWest,21.40580343,39.86801201,JHC,NEG,NA,>= 32,R,>= 32,R,>= 128,R,>= 64,R,>= 64,R,>= 64,R,>= 64,R,>= 64,R,2,S,>= 16,R,>= 64,R,>= 16,R,>= 4,R,4,I,256,R,>= 320,R
TK119,ERR12178179,SAMN38154141,2022,12,ST231,MOH,BC,Tabuk,Tabuk,NorthWest,28.38719742,36.56521253,TKHA,NEG,NA,>= 32,R,>= 32,R,>= 128,R,>= 64,R,>= 64,R,>= 64,R,>= 64,R,>= 64,R,8,R,>= 16,R,<= 2,S,<= 1,S,>= 4,R,4,I,256,R,>= 320,R
T29,ERR12055286,SAMN37449920,2022,3,ST231,MOH,BC,Taif,Makkah,SouthWest,21.28918403,40.42073622,THB,NEG,NA,>= 32,R,>= 32,R,>= 128,R,>= 64,R,>= 64,R,>= 64,R,>= 64,R,>= 64,R,>= 16,R,>= 16,R,<= 2,S,<= 1,S,>= 4,R,>= 8,R,256,R,>= 320,R
R1369,ERR12178243,SAMN38154112,2023,1,ST231,MOH,BC,Riyadh,Riyadh,Center,24.72857381,46.68651858,RRA,NEG,NA,>= 32,R,>= 32,R,>= 128,R,>= 64,R,>= 64,R,>= 64,R,>= 64,R,>= 64,R,>= 16,R,>= 16,R,<= 2,S,<= 1,S,>= 4,R,4,I,256,R,>= 320,R
M676,ERR12178173,SAMN38154072,2022,6,ST231,MOH,BC,AlMadinah,AlMadinah,West,24.52534326,39.5907648,MRA,POS,+,>= 32,R,16,*R,>= 128,R,>= 64,R,>= 64,R,>= 64,R,>= 64,R,>= 64,R,<= 0.25*,*I,8,I,16,*I,>= 16,R,>= 4,R,>= 8,R,256,R,>= 320,R
M31,ERR12178168,SAMN38154059,2022,1,ST231,MOH,BC,AlMadinah,AlMadinah,West,24.52534326,39.5907648,MHA,NEG,NA,>= 32,R,>= 32,R,>= 128,R,>= 64,R,>= 64,R,>= 64,R,>= 64,R,>= 64,R,2,S,>= 16,R,>= 64,R,>= 16,R,>= 4,R,4,I,256,R,>= 320,R
JZ56,ERR12178237,SAMN38154048,2022,8,ST231,MOH,BC,Jazan,Jazan,SouthWest,16.89354904,42.57163172,JZRA,NEG,NA,>= 32,R,>= 32,R,>= 128,R,>= 64,R,>= 64,R,>= 64,R,>= 64,R,>= 64,R,2,S,>= 16,R,>= 64,R,>= 16,R,>= 4,R,4,I,256,R,<= 20,S
JZ37,ERR12178236,SAMN38154046,2022,8,ST231,MOH,BC,Jazan,Jazan,SouthWest,16.89354904,42.57163172,JZRA,POS,+,>= 32,R,16,I,16,I,>= 64,R,<= 4,S,16,I,>= 64,R,2,S,<= 0.25,S,<= 0.25,S,16,*I,<= 1,S,2,R,<= 0.5,S,64,I,<= 20,S
JZ25,ERR12178172,SAMN38154043,2022,7,ST231,MOH,BC,Jazan,Jazan,SouthWest,16.89354904,42.57163172,JZRA,NEG,NA,>= 32,R,>= 32,R,>= 128,R,>= 64,R,>= 64,R,>= 64,R,>= 64,R,>= 64,R,4,I,>= 16,R,>= 64,R,>= 16,R,>= 4,R,4,I,256,R,<= 20,S
JZ19,ERR12178177,SAMN38154040,2022,7,ST231,MOH,BC,Jazan,Jazan,SouthWest,16.89354904,42.57163172,JZRA,NEG,NA,>= 32,R,>= 32,R,>= 128,R,>= 64,R,>= 64,R,>= 64,R,>= 64,R,>= 64,R,>= 16,R,>= 16,R,>= 64,R,>= 16,R,>= 4,R,>= 8,R,256,R,>= 320,R
J819,ERR12178229,SAMN38154038,2022,11,ST231,MOH,BC,Jeddah,Makkah,SouthWest,21.40580343,39.86801201,JHA,NEG,NA,>= 32,R,>= 32,R,>= 128,R,>= 64,R,>= 64,R,>= 64,R,>= 64,R,>= 64,R,>= 16,R,>= 16,R,>= 64,R,>= 16,R,>= 4,R,>= 8,R,256,R,>= 320,R
J791,ERR12178207,SAMN38154035,2022,4,ST231,MOH,BC,Jeddah,Makkah,SouthWest,21.40580343,39.86801201,JHC,NEG,NA,>= 32,R,>= 32,R,>= 128,R,>= 64,R,>= 64,R,>= 64,R,>= 64,R,>= 64,R,>= 16,R,>= 16,R,<= 2,S,<= 1,S,>= 4,R,4,I,256,R,>= 320,R
J774,ERR12178266,SAMN38154033,2022,5,ST231,MOH,BC,Jeddah,Makkah,SouthWest,21.40580343,39.86801201,JHA,NEG,NA,>= 32,R,>= 32,R,>= 128,R,>= 64,R,>= 64,R,>= 64,R,>= 64,R,>= 64,R,>= 16,R,>= 16,R,>= 64,R,>= 16,R,>= 4,R,2,S,256,R,>= 320,R
J76,ERR12178231,SAMN38154032,2022,4,ST231,MOH,BC,Jeddah,Makkah,SouthWest,21.40580343,39.86801201,JHA,NEG,NA,>= 32,R,>= 32,R,>= 128,R,>= 64,R,>= 64,R,>= 64,R,>= 64,R,>= 64,R,>= 16,R,>= 16,R,>= 64,R,>= 16,R,>= 4,R,4,I,256,R,>= 320,R
J727,ERR12178283,SAMN38154030,2022,8,ST231,MOH,BC,Jeddah,Makkah,SouthWest,21.40580343,39.86801201,JRA,NEG,NA,>= 32,R,>= 32,R,>= 128,R,>= 64,R,>= 64,R,>= 64,R,>= 64,R,>= 64,R,>= 16,R,>= 16,R,>= 64,R,>= 16,R,>= 4,R,4,I,256,R,>= 320,R
J70,ERR12178190,SAMN38154028,2022,4,ST231,MOH,BC,Jeddah,Makkah,SouthWest,21.40580343,39.86801201,JHA,NEG,NA,>= 32,R,>= 32,R,>= 128,R,>= 64,R,>= 64,R,>= 64,R,>= 64,R,>= 64,R,>= 16,R,>= 16,R,>= 64,R,>= 16,R,>= 4,R,>= 8,R,256,R,>= 320,R
J685,ERR12178223,SAMN38154026,2022,8,ST231,MOH,BC,Jeddah,Makkah,SouthWest,21.40580343,39.86801201,JRA,NEG,NA,>= 32,R,>= 32,R,>= 128,R,>= 64,R,>= 64,R,>= 64,R,>= 64,R,>= 64,R,8,R,>= 16,R,>= 64,R,>= 16,R,>= 4,R,2,S,256,R,>= 320,R
J628,ERR12178261,SAMN38154023,2022,8,ST231,MOH,BC,Jeddah,Makkah,SouthWest,21.40580343,39.86801201,JHA,NEG,NA,>= 32,R,>= 32,R,>= 128,R,>= 64,R,>= 64,R,>= 64,R,>= 64,R,>= 64,R,>= 16,R,>= 16,R,>= 64,R,>= 16,R,>= 4,R,4,I,256,R,>= 320,R
J377,ERR12178226,SAMN38154014,2022,2,ST231,MOH,BC,Jeddah,Makkah,SouthWest,21.40580343,39.86801201,JHC,NEG,NA,>= 32,R,>= 32,R,>= 128,R,>= 64,R,>= 64,R,>= 64,R,>= 64,R,>= 64,R,>= 16,R,>= 16,R,>= 64,R,>= 16,R,>= 4,R,4,I,256,R,>= 320,R
J220,ERR12178224,SAMN38154006,2022,9,ST231,MOH,BC,Jeddah,Makkah,SouthWest,21.40580343,39.86801201,JHB,NEG,NA,>= 32,R,>= 32,R,>= 128,R,>= 64,R,>= 64,R,>= 64,R,>= 64,R,>= 64,R,>= 16,R,>= 16,R,>= 64,R,>= 16,R,>= 4,R,>= 8,R,256,R,>= 320,R
G3,ERR12178257,SAMN38153991,2022,2,ST231,MOH,BC,AlQunfudhah,Makkah,SouthWest,21.40580343,39.86801201,ALGH,NEG,NA,>= 32,R,>= 32,R,>= 128,R,>= 64,R,>= 64,R,>= 64,R,>= 64,R,>= 64,R,>= 16,R,>= 16,R,>= 64,R,>= 16,R,>= 4,R,4,I,256,R,>= 320,R
JZ82,ERR12178264,SAMN38154052,2022,10,ST231,MOH,BC,Jazan,Jazan,SouthWest,16.89354904,42.57163172,JZHB,NEG,NA,>= 32,R,>= 32,R,>= 128,R,>= 64,R,>= 64,R,>= 64,R,>= 64,R,>= 64,R,>= 16,R,>= 16,R,>= 64,R,>= 16,R,>= 4,R,2,S,256,R,>= 320,R
JZ42,ERR12178277,SAMN38154047,2022,8,ST231,MOH,BC,Jazan,Jazan,SouthWest,16.89354904,42.57163172,JZRA,POS,+,>= 32,R,16,I,8,S,>= 64,R,<= 4,S,2,S,>= 64,R,2,S,<= 0.25,S,<= 0.25,S,>= 64,R,<= 1,S,<= 0.25,S,1,S,64,I,<= 20,S
JZ36,ERR12178198,SAMN38154045,2022,3,ST231,MOH,BC,Jazan,Jazan,SouthWest,16.89354904,42.57163172,JZRA,NEG,NA,>= 32,R,>= 32,R,>= 128,R,>= 64,R,>= 64,R,>= 64,R,>= 64,R,>= 64,R,>= 16,R,>= 16,R,>= 64,R,>= 16,R,>= 4,R,2,S,256,R,>= 320,R
B61,ERR12178171,SAMN38153990,2022,12,ST268,MOH,BC,AlBaha,AlBaha,SouthWest,20.01288,41.46767,BHA,NEG,NA,>= 32,R,>= 32,R,>= 128,R,>= 64,R,>= 64,R,>= 64,R,>= 64,R,>= 64,R,1*,*I,>= 16,R,<= 2,S,<= 1,S,>= 4,R,2,S,128,R,<= 20,S
M556,ERR12178262,SAMN38154070,2022,5,ST268,MOH,BC,AlMadinah,AlMadinah,West,24.52534326,39.5907648,MRA,POS,+,>= 32,R,4,S,64,R,>= 64,R,<= 4,S,>= 64,R,>= 64,R,2,S,<= 0.25,S,<= 0.25,S,<= 2,S,<= 1,S,0.5,I,<= 0.5,S,64,I,>= 320,R
Tb72,ERR12178121,SAMN38154140,2022,6,ST307,MOH,BC,Tabarjal,AlJawf,North,29.88333549,40.11210099,TBHA,NEG,NA,>= 32,R,>= 32,R,>= 128,R,>= 64,R,>= 64,R,>= 64,R,>= 64,R,>= 64,R,>= 16,R,>= 16,R,>= 64,R,>= 16,R,>= 4,R,<= 0.5,S,128,R,>= 320,R
T97,ERR12055294,SAMN37449925,2022,8,ST307,MOH,BC,Taif,Makkah,SouthWest,21.28918403,40.42073622,THB,NEG,NA,>= 32,R,>= 32,R,>= 128,R,>= 64,R,>= 64,R,>= 64,R,>= 64,R,16,R,>= 16,R,>= 16,R,>= 64,R,>= 16,R,>= 4,R,2,S,64,I,>= 320,R
T96,ERR12055272,SAMN37449924,2022,8,ST307,MOH,BC,Taif,Makkah,SouthWest,21.28918403,40.42073622,THB,NEG,NA,>= 32,R,>= 32,R,>= 128,R,>= 64,R,>= 64,R,>= 64,R,>= 64,R,16,R,>= 16,R,>= 16,R,>= 64,R,>= 16,R,>= 4,R,2,S,64,I,>= 320,R
T95,ERR12055287,SAMN37449923,2022,8,ST307,MOH,BC,Taif,Makkah,SouthWest,21.28918403,40.42073622,THB,NEG,NA,>= 32,R,>= 32,R,>= 128,R,>= 64,R,>= 64,R,>= 64,R,>= 64,R,16,R,>= 16,R,>= 16,R,>= 64,R,>= 16,R,>= 4,R,2,S,64,I,>= 320,R
T94,ERR12055278,SAMN37449922,2022,8,ST307,MOH,BC,Taif,Makkah,SouthWest,21.28918403,40.42073622,THB,NEG,NA,>= 32,R,>= 32,R,>= 128,R,>= 64,R,>= 64,R,>= 64,R,>= 64,R,>= 64,R,>= 16,R,>= 16,R,>= 64,R,>= 16,R,>= 4,R,2,S,64,I,>= 320,R
T93,ERR12055264,SAMN37449921,2022,8,ST307,MOH,BC,Taif,Makkah,SouthWest,21.28918403,40.42073622,THB,NEG,NA,>= 32,R,>= 32,R,>= 128,R,>= 64,R,>= 64,R,>= 64,R,>= 64,R,>= 64,R,>= 16,R,>= 16,R,>= 64,R,>= 16,R,>= 4,R,2,S,64,I,>= 320,R
T153,ERR12055263,SAMN37449917,2022,9,ST307,MOH,BC,Taif,Makkah,SouthWest,21.28918403,40.42073622,THA,NEG,NA,>= 32,R,>= 32,R,>= 128,R,>= 64,R,>= 64,R,>= 64,R,>= 64,R,16,R,>= 16,R,>= 16,R,>= 64,R,>= 16,R,>= 4,R,2,S,64,I,>= 320,R
T152,ERR12055277,SAMN37449916,2022,9,ST307,MOH,BC,Taif,Makkah,SouthWest,21.28918403,40.42073622,THA,NEG,NA,>= 32,R,>= 32,R,>= 128,R,>= 64,R,>= 64,R,>= 64,R,>= 64,R,>= 64,R,>= 16,R,>= 16,R,>= 64,R,>= 16,R,>= 4,R,2,S,64,I,>= 320,R
S158,ERR12178542,SAMN38154134,2022,12,ST307,MOH,BC,Sakaka,AlJawf,North,29.88333549,40.11210099,SHA,NEG,NA,>= 32,R,>= 32,R,>= 128,R,>= 64,R,>= 64,R,>= 64,R,>= 64,R,>= 64,R,>= 16,R,>= 16,R,>= 64,R,>= 16,R,>= 4,R,<= 0.5,S,128,R,>= 320,R
M1107,ERR12178130,SAMN38154053,2022,10,ST313,MOH,BC,AlMadinah,AlMadinah,West,24.52534326,39.5907648,MRA,POS,+,>= 32,R,8,S,<= 4,S,>= 64,R,<= 4,S,4,S,>= 64,R,2,S,<= 0.25,S,<= 0.25,S,<= 2,S,<= 1,S,1,R,<= 0.5,S,<= 16,S,40,S
R1160,ERR12178125,SAMN38154103,2022,9,ST322,MOH,BC,Riyadh,Riyadh,Center,24.72857381,46.68651858,RRA,POS,+,>= 32,R,8,S,<= 4,S,>= 64,R,<= 4,S,4,S,32,R,2,S,<= 0.25,S,<= 0.25,S,<= 2,S,<= 1,S,<= 0.25,S,1,S,64,I,>= 320,R
M552,ERR12178248,SAMN38154069,2022,8,ST34,MOH,BC,AlMadinah,AlMadinah,West,24.52534326,39.5907648,MRA,NEG,NA,>= 32,R,>= 32,R,>= 128,R,>= 64,R,>= 64,R,>= 64,R,>= 64,R,32,R,>= 16,R,>= 16,R,32,I,<= 1,S,2,R,1,S,128,R,40,S
M538,ERR12178182,SAMN38154067,2022,2,ST34,MOH,BC,AlMadinah,AlMadinah,West,24.52534326,39.5907648,MRA,NEG,NA,>= 32,R,>= 32,R,>= 128,R,>= 64,R,>= 64,R,>= 64,R,>= 64,R,>= 64,R,>= 16,R,>= 16,R,>= 64,R,>= 16,R,1,R,1,S,64,I,<= 20,S
M514,ERR12178184,SAMN38154066,2022,1,ST34,MOH,BC,AlMadinah,AlMadinah,West,24.52534326,39.5907648,MRA,NEG,NA,>= 32,R,>= 32,R,>= 128,R,>= 64,R,>= 64,R,>= 64,R,>= 64,R,8,*R,>= 16,R,>= 16,R,32,I,<= 1,S,1,R,1,S,64,I,<= 20,S
R1300,ERR12055298,SAMN37449911,2022,10,ST437,MOH,BC,Riyadh,Riyadh,Center,24.72857381,46.68651858,RRA,NEG,NA,>= 32,R,>= 32,R,>= 128,R,>= 64,R,>= 64,R,>= 64,R,>= 64,R,>= 64,R,>= 16,R,>= 16,R,>= 64,R,>= 16,R,>= 4,R,1,S,>= 512,R,>= 320,R
R1161,ERR12178200,SAMN38154104,2022,9,ST437,MOH,BC,Riyadh,Riyadh,Center,24.72857381,46.68651858,RRA,NEG,NA,>= 32,R,>= 32,R,>= 128,R,>= 64,R,>= 64,R,>= 64,R,>= 64,R,>= 64,R,>= 16,R,>= 16,R,>= 64,R,>= 16,R,>= 4,R,2,S,>= 512,R,>= 320,R
R348,ERR12178269,SAMN38154123,2022,4,ST48,MOH,BC,Riyadh,Riyadh,Center,24.72857381,46.68651858,RRA,NEG,NA,>= 32,R,>= 32,R,>= 128,R,>= 64,R,>= 64,R,>= 64,R,>= 64,R,>= 64,R,1*,*I,8,I,>= 64,R,>= 16,R,>= 4,R,2,S,256,R,>= 320,R
J197,ERR12178208,SAMN38154005,2022,2,ST751,MOH,BC,Jeddah,Makkah,SouthWest,21.40580343,39.86801201,JHB,NEG,NA,>= 32,R,>= 32,R,>= 128,R,>= 64,R,>= 64,R,>= 64,R,>= 64,R,>= 64,R,>= 16,R,>= 16,R,>= 64,R,>= 16,R,>= 4,R,1,S,>= 512,R,>= 320,R
JZ68,ERR12178178,SAMN38154049,2022,8,ST101,MOH,BC,Jazan,Jazan,SouthWest,16.89354904,42.57163172,JZRA,NEG,-,>= 32,R,>= 32,R,>= 128,R,>= 64,R,>= 64,R,>= 64,R,>= 64,R,>= 64,R,>= 16,R,>= 16,R,>= 64,R,>= 16,R,>= 4,R,1,S,>= 512,R,>= 320,R
HA-138,ERR12178197,SAMN38154002,2022,12,ST101,MOH,BC,Hail,Hail,NorthWest,27.51785834,41.71945209,HARA,POS,+,>= 32,R,>= 32,R,>= 128,R,>= 64,R,8,*R,>= 64,R,>= 64,R,>= 64,R,>= 16,R,8,I,4,S,>= 16,R,>= 4,R,>= 8,R,256,R,>= 320,R
Lettuce15Ceft1,ERR12528967,SAMN39649405,NA,NA,ST101,ENV,ENV,Jeddah,Makkah,SouthWest,21.28918403,40.42073622,KAUST,NA,NA,NA,NA,NA,NA,NA,NA,NA,NA,NA,NA,NA,NA,NA,NA,NA,NA,NA,NA,NA,NA,NA,NA,NA,NA,NA,NA,NA,NA,NA,NA,NA,NA
Lettuce15Ceft5,ERR12529037,SAMN39649407,NA,NA,ST101,ENV,ENV,Jeddah,Makkah,SouthWest,21.28918403,40.42073622,KAUST,NA,NA,NA,NA,NA,NA,NA,NA,NA,NA,NA,NA,NA,NA,NA,NA,NA,NA,NA,NA,NA,NA,NA,NA,NA,NA,NA,NA,NA,NA,NA,NA,NA,NA
Lettuce14Ceft2,ERR12528917,SAMN39649402,NA,NA,ST873,ENV,ENV,Jeddah,Makkah,SouthWest,21.28918403,40.42073622,KAUST,NEG,-,>= 32,R,>= 32,R,>= 128,R,>= 64,R,>= 64,R,>= 64,R,>= 64,R,>= 64,R,>= 16,R,>= 16,R,>= 64,R,4,*I,>= 4,R,2,S,256,R,>= 320,R
Lettuce14Ceft3,ERR12528966,SAMN39649403,NA,NA,ST1593,ENV,ENV,Jeddah,Makkah,SouthWest,21.28918403,40.42073622,KAUST,POS,+,>= 32,R,>= 32,R,>= 128,R,>= 64,R,<= 4,*R,2,*R,>= 64,R,2,*R,2,S,1,S,>= 64,R,<= 1,S,<= 0.25,S,<= 0.5,S,128,R,<= 20,NA
Lettuce14Ceft4,ERR12528963,SAMN39649404,NA,NA,ST37,ENV,ENV,Jeddah,Makkah,SouthWest,21.28918403,40.42073622,KAUST,NEG,-,>= 32,R,>= 32,R,>= 128,R,>= 64,R,>= 64,R,>= 64,R,>= 64,R,>= 64,R,2,S,>= 16,R,>= 64,R,>= 16,R,>= 4,R,4,I,256,R,>= 320,R
Lettuce15Ceft3,ERR12528965,SAMN39649406,NA,NA,ST37,ENV,ENV,Jeddah,Makkah,SouthWest,21.28918403,40.42073622,KAUST,NEG,-,>= 32,R,>= 32,R,>= 128,R,>= 64,R,>= 64,R,>= 64,R,>= 64,R,>= 64,R,>= 16,R,>= 16,R,<= 2,S,<= 1,S,>= 4,R,<= 0.5,S,>= 512,R,>= 320,R
Lettuce15Ceft6,ERR12528964,SAMN39649408,NA,NA,ST889,ENV,ENV,Jeddah,Makkah,SouthWest,21.28918403,40.42073622,KAUST,NEG,-,>= 32,R,>= 32,R,>= 128,R,>= 64,R,>= 64,R,>= 64,R,>= 64,R,>= 64,R,2,S,>= 16,R,>= 64,R,>= 16,R,>= 4,R,4,I,256,R,>= 320,R
Lettuce7Ceft5,ERR12528998,SAMN39649409,NA,NA,ST661,ENV,ENV,Jeddah,Makkah,SouthWest,21.28918403,40.42073622,KAUST,NEG,-,>= 32,R,>= 32,R,>= 128,R,>= 64,R,>= 64,R,>= 64,R,>= 64,R,>= 64,R,2,S,>= 16,R,>= 64,R,>= 16,R,>= 4,R,>= 8,R,256,R,>= 320,R
Lettuce7Ceft6,ERR12528892,SAMN39649410,NA,NA,ST43,ENV,ENV,Jeddah,Makkah,SouthWest,21.28918403,40.42073622,KAUST,NEG,-,>= 32,R,>= 32,R,>= 128,R,>= 64,R,>= 64,R,>= 64,R,>= 64,R,>= 64,R,2,S,>= 16,R,>= 64,R,2,S,>= 4,R,>= 8,R,256,R,>= 320,R
B14,ERR12528962,SAMN39649347,2022,9,ST2096,MOHUTI,UC,AlBaha,AlBaha,SouthWest,20.01288,41.46767,BHA,NEG,-,>= 32,R,>= 32,R,>= 128,R,>= 64,R,>= 64,R,>= 64,R,>= 64,R,>= 64,R,>= 16,R,>= 16,R,>= 64,R,>= 16,R,>= 4,R,4,I,256,R,>= 320,R
B26,ERR12529045,SAMN39649348,2022,10,ST5221,MOHUTI,UC,AlBaha,AlBaha,SouthWest,20.01288,41.46767,BHA,POS,+,>= 32,R,4,S,<= 4,S,>= 64,R,<= 4,S,4,S,32,R,2,S,<= 0.25,S,<= 0.25,S,<= 2,S,<= 1,S,1,R,2,S,64,I,>= 320,R
B42,ERR12528969,SAMN39649349,2022,10,ST294,MOHUTI,UC,AlBaha,AlBaha,SouthWest,20.01288,41.46767,BHA,POS,+,>= 32,R,4,S,<= 4,S,>= 64,R,<= 4,S,4,S,16,R,2,S,<= 0.25,S,<= 0.25,S,<= 2,S,<= 1,S,0.5,I,<= 0.5,S,64,I,>= 320,R
B54,ERR12529043,SAMN39649350,2022,11,ST2096,MOHUTI,UC,AlBaha,AlBaha,SouthWest,20.01288,41.46767,BHA,NEG,-,>= 32,R,16*,*R,32,R,>= 64,R,>= 64,R,4,S,<= 1,S,2,S,<= 0.25,S,<= 0.25,S,<= 2,S,<= 1,S,>= 4,R,4,I,256,R,40,S
B56,ERR12528934,SAMN39649351,2022,11,ST16,MOHUTI,UC,AlBaha,AlBaha,SouthWest,20.01288,41.46767,BHA,NEG,-,>= 32,R,>= 32,R,>= 128,R,>= 64,R,>= 64,R,>= 64,R,>= 64,R,>= 64,R,2,S,>= 16,R,<= 2,S,>= 16,R,>= 4,R,4,I,128,R,>= 320,R
H159,ERR12529054,SAMN39649354,2022,6,ST2096,MOHUTI,UC,AlHasa,AlHasa,East,25.38327237,49.5899644,HHA,NEG,-,>= 32,R,NA,NA,>= 128,R,>= 64,R,>= 64,R,>= 64,R,>= 64,R,>= 64,R,1*,*I,>= 16,R,>= 64,R,>= 16,R,>= 4,R,>= 8,R,256,R,>= 320,R
H225,ERR12528972,SAMN39649355,2022,12,ST2096,MOHUTI,UC,AlHasa,AlHasa,East,25.38327237,49.5899644,HHA,NEG,-,>= 32,R,NA,NA,>= 128,R,>= 64,R,>= 64,R,>= 64,R,>= 64,R,>= 64,R,1*,*I,>= 16,R,>= 64,R,>= 16,R,>= 4,R,>= 8,R,256,R,>= 320,R
H246,ERR12528878,SAMN39649356,2023,9,ST2096,MOHUTI,UC,AlHasa,AlHasa,East,25.38327237,49.5899644,HHB,NEG,-,>= 32,R,>= 32,R,>= 128,R,>= 64,R,>= 64,R,>= 64,R,>= 64,R,>= 64,R,2,S,>= 16,R,>= 64,R,>= 16,R,>= 4,R,4,I,256,R,>= 320,R
H249,ERR12528977,SAMN39649357,2022,10,ST2096,MOHUTI,UC,AlHasa,AlHasa,East,25.38327237,49.5899644,HHB,NEG,-,>= 32,R,>= 32,R,>= 128,R,>= 64,R,>= 64,R,>= 64,R,>= 64,R,>= 64,R,2,S,>= 16,R,>= 64,R,>= 16,R,>= 4,R,>= 8,R,256,R,>= 320,R
H251,ERR12528974,SAMN39649358,2022,9,ST2096,MOHUTI,UC,AlHasa,AlHasa,East,25.38327237,49.5899644,HHB,NEG,-,>= 32,R,>= 32,R,>= 128,R,>= 64,R,>= 64,R,>= 64,R,>= 64,R,>= 64,R,2,S,8,I,>= 64,R,>= 16,R,>= 4,R,4,I,256,R,>= 320,R
H257,ERR12528938,SAMN39649359,2023,9,ST2096,MOHUTI,UC,AlHasa,AlHasa,East,25.38327237,49.5899644,HHB,NEG,-,>= 32,R,>= 32,R,>= 128,R,>= 64,R,>= 64,R,>= 64,R,>= 64,R,>= 64,R,2,S,>= 16,R,>= 64,R,>= 16,R,>= 4,R,4,I,256,R,>= 320,R
H262,ERR12529039,SAMN39649360,2022,10,ST2096,MOHUTI,UC,AlHasa,AlHasa,East,25.38327237,49.5899644,HHB,NEG,-,>= 32,R,NA,NA,>= 128,R,>= 64,R,>= 64,R,>= 64,R,>= 64,R,>= 64,R,0.5*,*I,1,S,>= 64,R,>= 16,R,>= 4,R,2,S,256,R,>= 320,R
H264,ERR12528958,SAMN39649361,2022,8,ST2096,MOHUTI,UC,AlHasa,AlHasa,East,25.38327237,49.5899644,HHB,NEG,-,>= 32,R,>= 32,R,>= 128,R,>= 64,R,>= 64,R,>= 64,R,>= 64,R,>= 64,R,2,S,>= 16,R,>= 64,R,>= 16,R,>= 4,R,4,I,256,R,>= 320,R
HA-107,ERR12528927,SAMN39649362,2022,11,ST45,MOHUTI,UC,Hail,Hail,NorthWest,27.51785834,41.71945209,HARA,POS,+,>= 32,R,4,S,<= 4,S,>= 64,R,<= 4,S,16,I,>= 64,R,2,S,0.5,S,<= 0.25,S,>= 64,R,>= 16,R,1,R,2,S,64,I,>= 320,R
J1093,ERR12528971,SAMN39649367,2022,11,ST502,MOHUTI,UC,Jeddah,Makkah,SouthWest,21.28918403,40.42073622,JHC,NEG,-,>= 32,R,>= 32,R,>= 128,R,>= 64,R,>= 64,R,>= 64,R,>= 64,R,>= 64,R,8,R,>= 16,R,<= 2,S,>= 16,R,>= 4,R,>= 8,R,128,R,>= 320,R
J1141,ERR12529011,SAMN39649368,2022,11,ST502,MOHUTI,UC,Jeddah,Makkah,SouthWest,21.28918403,40.42073622,JHB,NEG,-,>= 32,R,>= 32,R,>= 128,R,>= 64,R,>= 64,R,>= 64,R,>= 64,R,>= 64,R,>= 16,R,>= 16,R,<= 2,S,>= 16,R,>= 4,R,>= 8,R,128,R,40,S
J13,ERR12528982,SAMN39649369,2022,10,ST231,MOHUTI,UC,Jeddah,Makkah,SouthWest,21.28918403,40.42073622,JHA,NEG,-,>= 32,R,>= 32,R,>= 128,R,>= 64,R,>= 64,R,>= 64,R,>= 64,R,>= 64,R,>= 16,R,>= 16,R,>= 64,R,>= 16,R,>= 4,R,1,S,256,R,>= 320,R
J14,ERR12529038,SAMN39649370,2022,1,ST2096,MOHUTI,UC,Jeddah,Makkah,SouthWest,21.28918403,40.42073622,JHA,NEG,-,>= 32,R,>= 32,R,>= 128,R,>= 64,R,>= 64,R,>= 64,R,>= 64,R,>= 64,R,2,S,>= 16,R,>= 64,R,2,S,>= 4,R,>= 8,R,256,R,>= 320,R
J140,ERR12528916,SAMN39649371,2022,5,ST147,MOHUTI,UC,Jeddah,Makkah,SouthWest,21.28918403,40.42073622,JHC,NEG,-,>= 32,R,>= 32,R,>= 128,R,>= 64,R,>= 64,R,>= 64,R,>= 64,R,>= 64,R,>= 16,R,>= 16,R,32,I,<= 1,S,>= 4,R,4,I,256,R,>= 320,R
J151,ERR12528922,SAMN39649372,2022,5,ST231,MOHUTI,UC,Jeddah,Makkah,SouthWest,21.28918403,40.42073622,JHC,NEG,-,>= 32,R,>= 32,R,>= 128,R,>= 64,R,>= 64,R,>= 64,R,>= 64,R,>= 64,R,>= 16,R,>= 16,R,>= 64,R,>= 16,R,>= 4,R,<= 0.5,S,256,R,>= 320,R
J180,ERR12528950,SAMN39649373,2022,5,ST2096,MOHUTI,UC,Jeddah,Makkah,SouthWest,21.28918403,40.42073622,JHB,NEG,-,>= 32,R,>= 32,R,>= 128,R,>= 64,R,>= 64,R,4,*R,8,R,8,*R,2,S,>= 16,R,4,S,<= 1,S,>= 4,R,4,I,256,R,160,R
J22,ERR12529004,SAMN39649374,2022,2,ST231,MOHUTI,UC,Jeddah,Makkah,SouthWest,21.28918403,40.42073622,JHA,NEG,-,>= 32,R,>= 32,R,>= 128,R,>= 64,R,>= 64,R,>= 64,R,>= 64,R,>= 64,R,>= 16,R,>= 16,R,>= 64,R,>= 16,R,>= 4,R,4,I,256,R,>= 320,R
J245,ERR12529055,SAMN39649375,2022,12,ST147,MOHUTI,UC,Jeddah,Makkah,SouthWest,21.28918403,40.42073622,JHC,NEG,-,>= 32,R,>= 32,R,>= 128,R,>= 64,R,>= 64,R,>= 64,R,>= 64,R,>= 64,R,>= 16,R,>= 16,R,32,I,<= 1,S,>= 4,R,4,I,256,R,>= 320,R
J261,ERR12528913,SAMN39649376,2022,6,ST16,MOHUTI,UC,Jeddah,Makkah,SouthWest,21.28918403,40.42073622,JHC,NEG,-,>= 32,R,>= 32,R,>= 128,R,>= 64,R,>= 64,R,>= 64,R,>= 64,R,>= 64,R,>= 16,R,>= 16,R,>= 64,R,>= 16,R,>= 4,R,4,I,256,R,>= 320,R
J267,ERR12528970,SAMN39649377,2022,12,ST2096,MOHUTI,UC,Jeddah,Makkah,SouthWest,21.28918403,40.42073622,JHC,NEG,-,>= 32,R,>= 32,R,>= 128,R,>= 64,R,>= 64,R,>= 64,R,>= 64,R,>= 64,R,1*,*I,>= 16,R,>= 64,R,<= 1,S,>= 4,R,>= 8,R,256,R,>= 320,R
J27,ERR12528937,SAMN39649378,2022,7,ST231,MOHUTI,UC,Jeddah,Makkah,SouthWest,21.28918403,40.42073622,JHA,NEG,-,>= 32,R,>= 32,R,>= 128,R,>= 64,R,>= 64,R,>= 64,R,>= 64,R,>= 64,R,8,R,>= 16,R,>= 64,R,>= 16,R,>= 4,R,>= 8,R,256,R,>= 320,R
J270,ERR12528968,SAMN39649379,2022,6,ST39,MOHUTI,UC,Jeddah,Makkah,SouthWest,21.28918403,40.42073622,JHC,NEG,-,>= 32,R,>= 32,R,>= 128,R,>= 64,R,>= 64,R,>= 64,R,>= 64,R,>= 64,R,>= 16,R,>= 16,R,16,*I,<= 1,S,2,R,4,I,128,R,>= 320,R
J324,ERR12528973,SAMN39649381,2022,6,ST11,MOHUTI,UC,Jeddah,Makkah,SouthWest,21.28918403,40.42073622,JRA,NEG,-,>= 32,R,>= 32,R,>= 128,R,>= 64,R,>= 64,R,>= 64,R,>= 64,R,>= 64,R,>= 16,R,>= 16,R,>= 64,R,>= 16,R,>= 4,R,1,S,>= 512,R,>= 320,R
J427,ERR12528908,SAMN39649382,2022,7,ST2096,MOHUTI,UC,Jeddah,Makkah,SouthWest,21.28918403,40.42073622,JHC,NEG,-,>= 32,R,>= 32,R,>= 128,R,>= 64,R,>= 64,R,>= 64,R,>= 64,R,>= 64,R,1*,*I,>= 16,R,>= 64,R,2,S,>= 4,R,>= 8,R,256,R,>= 320,R
J48,ERR12528978,SAMN39649383,2022,8,ST231,MOHUTI,UC,Jeddah,Makkah,SouthWest,21.28918403,40.42073622,JHB,NEG,-,>= 32,R,>= 32,R,>= 128,R,>= 64,R,>= 64,R,>= 64,R,>= 64,R,>= 64,R,>= 16,R,>= 16,R,<= 2,S,<= 1,S,>= 4,R,4,I,256,R,>= 320,R
J491,ERR12528995,SAMN39649384,2022,7,ST307,MOHUTI,UC,Jeddah,Makkah,SouthWest,21.28918403,40.42073622,JHC,POS,+,>= 32,R,4,S,16,I,>= 64,R,8,S,16,I,>= 64,R,2,S,<= 0.25,S,<= 0.25,S,<= 2,S,<= 1,S,>= 4,R,4,I,256,R,>= 320,R
J51,ERR12529007,SAMN39649385,2022,7,ST2096,MOHUTI,UC,Jeddah,Makkah,SouthWest,21.28918403,40.42073622,JHB,NEG,-,>= 32,R,>= 32,R,>= 128,R,>= 64,R,>= 64,R,>= 64,R,>= 64,R,>= 64,R,2,S,>= 16,R,>= 64,R,>= 16,R,>= 4,R,2,S,256,R,>= 320,R
J52,ERR12528896,SAMN39649386,2022,12,ST231,MOHUTI,UC,Jeddah,Makkah,SouthWest,21.28918403,40.42073622,JHB,NEG,-,>= 32,R,>= 32,R,>= 128,R,>= 64,R,>= 64,R,>= 64,R,>= 64,R,>= 64,R,>= 16,R,>= 16,R,<= 2,S,<= 1,S,>= 4,R,4,I,256,R,>= 320,R
J550,ERR12528985,SAMN39649387,2022,7,ST147,MOHUTI,UC,Jeddah,Makkah,SouthWest,21.28918403,40.42073622,JHC,NEG,-,>= 32,R,>= 32,R,>= 128,R,>= 64,R,>= 64,R,>= 64,R,>= 64,R,>= 64,R,>= 16,R,>= 16,R,16,*I,<= 1,S,>= 4,R,>= 8,R,256,R,>= 320,R
J592,ERR12529050,SAMN39649388,2022,11,ST2096,MOHUTI,UC,Jeddah,Makkah,SouthWest,21.28918403,40.42073622,JHC,NEG,-,>= 32,R,>= 32,R,>= 128,R,>= 64,R,>= 64,R,>= 64,R,>= 64,R,>= 64,R,2,S,>= 16,R,>= 64,R,>= 16,R,>= 4,R,4,I,256,R,>= 320,R
J60,ERR12528890,SAMN39649389,2022,4,ST231,MOHUTI,UC,Jeddah,Makkah,SouthWest,21.28918403,40.42073622,JHB,NEG,-,>= 32,R,>= 32,R,>= 128,R,>= 64,R,>= 64,R,>= 64,R,>= 64,R,>= 64,R,>= 16,R,>= 16,R,>= 64,R,>= 16,R,>= 4,R,<= 0.5,S,256,R,>= 320,R
J61,ERR12528983,SAMN39649390,2022,4,ST231,MOHUTI,UC,Jeddah,Makkah,SouthWest,21.28918403,40.42073622,JHB,NEG,-,>= 32,R,>= 32,R,>= 128,R,>= 64,R,>= 64,R,>= 64,R,>= 64,R,>= 64,R,>= 16,R,>= 16,R,>= 64,R,>= 16,R,>= 4,R,4,I,256,R,>= 320,R
J755,ERR12528897,SAMN39649391,2022,9,ST2096,MOHUTI,UC,Jeddah,Makkah,SouthWest,21.28918403,40.42073622,JHC,POS,+,>= 32,R,>= 32,R,>= 128,R,>= 64,R,>= 64,R,>= 64,R,>= 64,R,>= 64,R,<= 0.25,S,<= 0.25,S,>= 64,R,>= 16,R,>= 4,R,4,I,256,R,>= 320,R
J788,ERR12528975,SAMN39649392,2022,8,ST2096,MOHUTI,UC,Jeddah,Makkah,SouthWest,21.28918403,40.42073622,JHC,NEG,-,>= 32,R,>= 32,R,>= 128,R,>= 64,R,>= 64,R,>= 64,R,>= 64,R,>= 64,R,2,S,>= 16,R,>= 64,R,>= 16,R,>= 4,R,>= 8,R,256,R,>= 320,R
J798,ERR12528911,SAMN39649393,2022,8,ST2096,MOHUTI,UC,Jeddah,Makkah,SouthWest,21.28918403,40.42073622,JHC,NEG,-,>= 32,R,>= 32,R,>= 128,R,>= 64,R,>= 64,R,>= 64,R,>= 64,R,>= 64,R,4,I,>= 16,R,>= 64,R,2,S,>= 4,R,>= 8,R,256,R,>= 320,R
J82,ERR12528989,SAMN39649394,2022,12,ST2096,MOHUTI,UC,Jeddah,Makkah,SouthWest,21.28918403,40.42073622,JHA,NEG,-,>= 32,R,>= 32,R,>= 128,R,>= 64,R,>= 64,R,>= 64,R,>= 64,R,>= 64,R,>= 16,R,>= 16,R,>= 64,R,<= 1,S,>= 4,R,4,I,256,R,>= 320,R
J841,ERR12528880,SAMN39649395,2022,9,ST147,MOHUTI,UC,Jeddah,Makkah,SouthWest,21.28918403,40.42073622,JHA,NEG,-,>= 32,R,>= 32,R,>= 128,R,>= 64,R,>= 64,R,>= 64,R,>= 64,R,>= 64,R,>= 16,R,>= 16,R,32,I,<= 1,S,>= 4,R,4,I,>= 512,R,>= 320,R
J876,ERR12528920,SAMN39649396,2022,9,ST147,MOHUTI,UC,Jeddah,Makkah,SouthWest,21.28918403,40.42073622,JHA,NEG,-,>= 32,R,>= 32,R,>= 128,R,>= 64,R,>= 64,R,>= 64,R,>= 64,R,>= 64,R,>= 16,R,>= 16,R,16,*I,<= 1,S,>= 4,R,>= 8,R,256,R,>= 320,R
J878,ERR12528910,SAMN39649397,2022,9,ST147,MOHUTI,UC,Jeddah,Makkah,SouthWest,21.28918403,40.42073622,JHA,NEG,-,>= 32,R,>= 32,R,>= 128,R,>= 64,R,>= 64,R,>= 64,R,>= 64,R,>= 64,R,2,S,>= 16,R,16,*I,<= 1,S,>= 4,R,>= 8,R,256,R,>= 320,R
J890,ERR12528914,SAMN39649398,2022,9,ST3626,MOHUTI,UC,Jeddah,Makkah,SouthWest,21.28918403,40.42073622,JHA,NEG,-,>= 32,R,>= 32,R,>= 128,R,>= 64,R,>= 64,R,>= 64,R,>= 64,R,2,*R,>= 16,R,>= 16,R,<= 2,S,<= 1,S,0.5,I,<= 0.5,S,32,S,>= 320,R
J907,ERR12528984,SAMN39649399,2022,9,ST231,MOHUTI,UC,Jeddah,Makkah,SouthWest,21.28918403,40.42073622,JHA,NEG,-,>= 32,R,>= 32,R,>= 128,R,>= 64,R,>= 64,R,>= 64,R,>= 64,R,>= 64,R,2,S,>= 16,R,<= 2,S,<= 1,S,>= 4,R,<= 0.5,S,256,R,<= 20,S
J911,ERR12528980,SAMN39649400,2022,10,ST432,MOHUTI,UC,Jeddah,Makkah,SouthWest,21.28918403,40.42073622,JHC,POS,+,>= 32,R,8,S,<= 4,S,>= 64,R,<= 4,S,8,S,>= 64,R,2,S,<= 0.25,S,<= 0.25,S,<= 2,S,<= 1,S,0.5,I,1,S,64,I,>= 320,R
JZ17,ERR12528979,SAMN39649401,2022,2,ST147,MOHUTI,UC,Jazan,Jazan,SouthWest,16.89354904,42.57163172,JZRA,NEG,-,>= 32,R,>= 32,R,>= 128,R,>= 64,R,>= 64,R,>= 64,R,>= 64,R,>= 64,R,>= 16,R,>= 16,R,<= 2,S,<= 1,S,>= 4,R,4,I,256,R,>= 320,R
J3,ERR12529041,SAMN39649380,2022,3,ST101,MOHUTI,UC,Jeddah,Makkah,SouthWest,21.28918403,40.42073622,JHA,NEG,-,>= 32,R,>= 32,R,>= 128,R,>= 64,R,>= 64,R,>= 64,R,>= 64,R,>= 64,R,2,S,>= 16,R,4,S,<= 1,S,>= 4,R,4,I,256,R,>= 320,R
M1128,ERR12528882,SAMN39649411,2022,10,ST383,MOHUTI,UC,AlMadinah,AlMadinah,West,24.52534326,39.5907648,MRA,NEG,-,>= 32,R,>= 32,R,>= 128,R,>= 64,R,>= 64,R,>= 64,R,>= 64,R,>= 64,R,>= 16,R,>= 16,R,>= 64,R,4,*I,>= 4,R,2,S,256,R,>= 320,R
M1146,ERR12529018,SAMN39649412,2022,10,ST469,MOHUTI,UC,AlMadinah,AlMadinah,West,24.52534326,39.5907648,MRA,POS,+,>= 32,R,>= 32,R,>= 128,R,>= 64,R,<= 4,*R,2,*R,>= 64,R,2,*R,2,S,1,S,>= 64,R,<= 1,S,<= 0.25,S,<= 0.5,S,128,R,<= 20,S
M1191,ERR12528889,SAMN39649413,2022,10,ST2096,MOHUTI,UC,AlMadinah,AlMadinah,West,24.52534326,39.5907648,MRA,NEG,-,>= 32,R,>= 32,R,>= 128,R,>= 64,R,>= 64,R,>= 64,R,>= 64,R,>= 64,R,2,S,>= 16,R,>= 64,R,>= 16,R,>= 4,R,4,I,256,R,>= 320,R
M120,ERR12528894,SAMN39649414,2022,2,ST147,MOHUTI,UC,AlMadinah,AlMadinah,West,24.52534326,39.5907648,MHA,POS,+,>= 32,R,>= 32,R,>= 128,R,>= 64,R,8,*R,>= 64,R,>= 64,R,>= 64,R,>= 16,R,8,I,4,S,>= 16,R,>= 4,R,>= 8,R,256,R,>= 320,R
M1336,ERR12528885,SAMN39649415,2022,11,ST437,MOHUTI,UC,AlMadinah,AlMadinah,West,24.52534326,39.5907648,MRA,NEG,-,>= 32,R,>= 32,R,>= 128,R,>= 64,R,>= 64,R,>= 64,R,>= 64,R,>= 64,R,>= 16,R,>= 16,R,<= 2,S,<= 1,S,>= 4,R,<= 0.5,S,>= 512,R,>= 320,R
M1353,ERR12529010,SAMN39649416,2022,10,ST2096,MOHUTI,UC,AlMadinah,AlMadinah,West,24.52534326,39.5907648,MRA,NEG,-,>= 32,R,>= 32,R,>= 128,R,>= 64,R,>= 64,R,>= 64,R,>= 64,R,>= 64,R,2,S,>= 16,R,>= 64,R,>= 16,R,>= 4,R,4,I,256,R,>= 320,R
M1357,ERR12529013,SAMN39649417,2022,11,ST2096,MOHUTI,UC,AlMadinah,AlMadinah,West,24.52534326,39.5907648,MRA,NEG,-,>= 32,R,>= 32,R,>= 128,R,>= 64,R,>= 64,R,>= 64,R,>= 64,R,>= 64,R,2,S,>= 16,R,>= 64,R,>= 16,R,>= 4,R,4,I,256,R,>= 320,R
M1382,ERR12528879,SAMN39649418,2022,11,ST2096,MOHUTI,UC,AlMadinah,AlMadinah,West,24.52534326,39.5907648,MRA,NEG,-,>= 32,R,>= 32,R,>= 128,R,>= 64,R,>= 64,R,>= 64,R,>= 64,R,>= 64,R,2,S,>= 16,R,>= 64,R,>= 16,R,>= 4,R,>= 8,R,256,R,>= 320,R
M213,ERR12528905,SAMN39649419,2022,5,ST2096,MOHUTI,UC,AlMadinah,AlMadinah,West,24.52534326,39.5907648,MHA,NEG,-,>= 32,R,>= 32,R,>= 128,R,>= 64,R,>= 64,R,>= 64,R,>= 64,R,>= 64,R,2,S,>= 16,R,>= 64,R,2,S,>= 4,R,>= 8,R,256,R,>= 320,R
M221,ERR12528906,SAMN39649420,2022,7,ST2096,MOHUTI,UC,AlMadinah,AlMadinah,West,24.52534326,39.5907648,MHA,NEG,-,>= 32,R,>= 32,R,>= 128,R,>= 64,R,>= 64,R,>= 64,R,>= 64,R,>= 64,R,2,S,>= 16,R,16,*I,<= 1,S,>= 4,R,4,I,256,R,40,S
M254,ERR12528887,SAMN39649421,2022,3,ST147,MOHUTI,UC,AlMadinah,AlMadinah,West,24.52534326,39.5907648,MHA,NEG,-,>= 32,R,>= 32,R,>= 128,R,>= 64,R,>= 64,R,>= 64,R,>= 64,R,>= 64,R,>= 16,R,>= 16,R,>= 64,R,>= 16,R,>= 4,R,4,I,>= 512,R,>= 320,R
M269,ERR12528888,SAMN39649422,2022,3,ST45,MOHUTI,UC,AlMadinah,AlMadinah,West,24.52534326,39.5907648,MRA,POS,+,>= 32,R,8,S,<= 4,S,>= 64,R,<= 4,S,4,S,>= 64,R,2,S,<= 0.25,S,<= 0.25,S,<= 2,S,<= 1,S,0.5,I,<= 0.5,S,64,I,<= 20,S
M278,ERR12528881,SAMN39649423,2022,3,ST2096,MOHUTI,UC,AlMadinah,AlMadinah,West,24.52534326,39.5907648,MRA,NEG,-,>= 32,R,>= 32,R,>= 128,R,>= 64,R,>= 64,R,>= 64,R,>= 64,R,>= 64,R,1*,*I,>= 16,R,>= 64,R,>= 16,R,>= 4,R,4,I,256,R,>= 320,R
M471,ERR12528898,SAMN39649424,2022,5,ST261,MOHUTI,UC,AlMadinah,AlMadinah,West,24.52534326,39.5907648,MRA,NEG,-,>= 32,R,8,S,<= 4,S,4,S,<= 4,S,<= 1,S,<= 1,S,<= 1,S,<= 0.25,S,<= 0.25,S,<= 2,S,<= 1,S,1,R,1,S,128,R,>= 320,R
M478,ERR12529042,SAMN39649425,2022,5,ST307,MOHUTI,UC,AlMadinah,AlMadinah,West,24.52534326,39.5907648,MRA,NEG,-,>= 32,R,>= 32,R,>= 128,R,>= 64,R,>= 64,R,>= 64,R,>= 64,R,>= 64,R,>= 16,R,>= 16,R,16,*I,>= 16,R,>= 4,R,2,S,<= 16,S,<= 20,S
M558,ERR12529002,SAMN39649426,2022,5,ST147,MOHUTI,UC,AlMadinah,AlMadinah,West,24.52534326,39.5907648,MRA,POS,+,>= 32,R,>= 32,R,>= 128,R,>= 64,R,8,*R,>= 64,R,>= 64,R,32,R,2,S,1,S,<= 2,S,8,*R,>= 4,R,4,I,128,R,<= 20,S
M615,ERR12528994,SAMN39649427,2022,6,ST2096,MOHUTI,UC,AlMadinah,AlMadinah,West,24.52534326,39.5907648,MRA,NEG,-,>= 32,R,>= 32,R,>= 128,R,>= 64,R,>= 64,R,>= 64,R,>= 64,R,>= 64,R,>= 16,R,>= 16,R,>= 64,R,>= 16,R,>= 4,R,4,I,256,R,>= 320,R
M825,ERR12528997,SAMN39649428,2022,7,ST2096,MOHUTI,UC,AlMadinah,AlMadinah,West,24.52534326,39.5907648,MRA,NEG,-,>= 32,R,>= 32,R,>= 128,R,>= 64,R,>= 64,R,>= 64,R,>= 64,R,>= 64,R,2,S,>= 16,R,>= 64,R,>= 16,R,>= 4,R,4,I,256,R,>= 320,R
M873,ERR12528893,SAMN39649429,2022,8,ST2096,MOHUTI,UC,AlMadinah,AlMadinah,West,24.52534326,39.5907648,MRA,NEG,-,>= 32,R,>= 32,R,>= 128,R,>= 64,R,>= 64,R,>= 64,R,>= 64,R,>= 64,R,2,S,>= 16,R,>= 64,R,>= 16,R,>= 4,R,4,I,256,R,>= 320,R
M891,ERR12528907,SAMN39649430,2022,8,ST2096,MOHUTI,UC,AlMadinah,AlMadinah,West,24.52534326,39.5907648,MRA,NEG,-,>= 32,R,>= 32,R,>= 128,R,>= 64,R,>= 64,R,>= 64,R,>= 64,R,>= 64,R,2,S,>= 16,R,>= 64,R,>= 16,R,>= 4,R,4,I,256,R,>= 320,R
M905,ERR12528877,SAMN39649431,2022,8,ST2096,MOHUTI,UC,AlMadinah,AlMadinah,West,24.52534326,39.5907648,MRA,NEG,-,>= 32,R,>= 32,R,>= 128,R,>= 64,R,>= 64,R,>= 64,R,>= 64,R,>= 64,R,2,S,>= 16,R,>= 64,R,>= 16,R,>= 4,R,4,I,256,R,>= 320,R
M936,ERR12528990,SAMN39649432,2022,8,ST2096,MOHUTI,UC,AlMadinah,AlMadinah,West,24.52534326,39.5907648,MRA,NEG,-,>= 32,R,>= 32,R,>= 128,R,>= 64,R,>= 64,R,>= 64,R,>= 64,R,>= 64,R,2,S,>= 16,R,32,I,<= 1,S,>= 4,R,4,I,256,R,>= 320,R
M945,ERR12529044,SAMN39649433,2022,8,ST147,MOHUTI,UC,AlMadinah,AlMadinah,West,24.52534326,39.5907648,MRA,NEG,-,>= 32,R,>= 32,R,>= 128,R,>= 64,R,>= 64,R,>= 64,R,>= 64,R,>= 64,R,>= 16,R,>= 16,R,<= 2,S,8,*R,>= 4,R,>= 8,R,256,R,>= 320,R
MK75,ERR12528899,SAMN39649434,2023,8,ST485,MOHUTI,UC,Makkah,Makkah,SouthWest,21.28918403,40.42073622,MKHA,POS,+,>= 32,R,16,I,8,S,>= 64,R,<= 4,S,4,S,16,R,<= 1,S,<= 0.25,S,<= 0.25,S,<= 2,S,>= 16,R,>= 4,R,1,S,64,I,<= 20,S
N1029,ERR12529049,SAMN39649435,2022,11,ST2096,MOHUTI,UC,Najran,Najran,SouthWest,17.56927051,44.22684712,NHB,NEG,-,>= 32,R,NA,NA,>= 128,R,>= 64,R,>= 64,R,>= 64,R,>= 64,R,>= 64,R,<= 0.25*,*I,1,S,>= 64,R,2,S,>= 4,R,2,S,256,R,>= 320,R
N1049,ERR12528903,SAMN39649436,2022,11,ST2096,MOHUTI,UC,Najran,Najran,SouthWest,17.56927051,44.22684712,NHB,NEG,-,>= 32,R,>= 32,R,>= 128,R,>= 64,R,>= 64,R,>= 64,R,>= 64,R,>= 64,R,2,S,>= 16,R,>= 64,R,>= 16,R,>= 4,R,2,S,256,R,>= 320,R
N1050,ERR12528900,SAMN39649437,2022,11,ST2096,MOHUTI,UC,Najran,Najran,SouthWest,17.56927051,44.22684712,NHB,NEG,-,>= 32,R,NA,NA,>= 128,R,>= 64,R,>= 64,R,>= 64,R,>= 64,R,>= 64,R,1*,*I,8,I,>= 64,R,2,S,>= 4,R,2,S,256,R,>= 320,R
N1072,ERR12529048,SAMN39649438,2022,11,ST11,MOHUTI,UC,Najran,Najran,SouthWest,17.56927051,44.22684712,NHB,NEG,-,>= 32,R,>= 32,R,>= 128,R,>= 64,R,>= 64,R,>= 64,R,>= 64,R,>= 64,R,>= 16,R,>= 16,R,>= 64,R,>= 16,R,>= 4,R,4,I,>= 512,R,80,R
N1079,ERR12528959,SAMN39649439,2022,12,ST147,MOHUTI,UC,Najran,Najran,SouthWest,17.56927051,44.22684712,NHB,NEG,-,>= 32,R,>= 32,R,>= 128,R,>= 64,R,>= 64,R,>= 64,R,>= 64,R,>= 64,R,>= 16,R,>= 16,R,>= 64,R,>= 16,R,>= 4,R,>= 8,R,256,R,40,S
N169,ERR12528904,SAMN39649440,2022,9,ST101,MOHUTI,UC,Najran,Najran,SouthWest,17.56927051,44.22684712,NHB,NEG,-,>= 32,R,>= 32,R,>= 128,R,>= 64,R,>= 64,R,>= 64,R,>= 64,R,>= 64,R,2,S,>= 16,R,>= 64,R,>= 16,R,>= 4,R,2,S,>= 512,R,>= 320,R
N425,ERR12529051,SAMN39649441,2022,8,ST147,MOHUTI,UC,Najran,Najran,SouthWest,17.56927051,44.22684712,NRA,NEG,-,>= 32,R,>= 32,R,>= 128,R,>= 64,R,>= 64,R,>= 64,R,>= 64,R,>= 64,R,>= 16,R,>= 16,R,>= 64,R,8,I,>= 4,R,4,I,256,R,>= 320,R
N495,ERR12528919,SAMN39649442,2022,7,ST101,MOHUTI,UC,Najran,Najran,SouthWest,17.56927051,44.22684712,NHD,POS,+,>= 32,R,NA,NA,>= 128,R,>= 64,R,>= 64,R,>= 64,R,>= 64,R,>= 64,R,<= 0.25*,*I,2,S,8,*I,<= 1,S,>= 4,R,4,I,>= 512,R,40,S
N619,ERR12528891,SAMN39649443,2023,8,ST231,MOHUTI,UC,Najran,Najran,SouthWest,17.56927051,44.22684712,NHD,NEG,-,>= 32,R,>= 32,R,>= 128,R,>= 64,R,>= 64,R,>= 64,R,>= 64,R,>= 64,R,8,R,>= 16,R,>= 64,R,>= 16,R,>= 4,R,4,I,256,R,>= 320,R
N627,ERR12528993,SAMN39649444,2023,8,ST147,MOHUTI,UC,Najran,Najran,SouthWest,17.56927051,44.22684712,NHD,NEG,-,>= 32,R,>= 32,R,>= 128,R,>= 64,R,>= 64,R,>= 64,R,>= 64,R,>= 64,R,>= 16,R,>= 16,R,>= 64,R,>= 16,R,>= 4,R,>= 8,R,256,R,>= 320,R
N674,ERR12528981,SAMN39649445,2022,9,ST147,MOHUTI,UC,Najran,Najran,SouthWest,17.56927051,44.22684712,NHC,NEG,-,>= 32,R,NA,NA,>= 128,R,>= 64,R,>= 64,R,>= 64,R,>= 64,R,>= 64,R,>= 16,R,>= 16,R,>= 64,R,4,*I,>= 4,R,2,S,256,R,>= 320,R
N685,ERR12528996,SAMN39649446,2022,9,ST101,MOHUTI,UC,Najran,Najran,SouthWest,17.56927051,44.22684712,NHC,NEG,-,>= 32,R,>= 32,R,>= 128,R,>= 64,R,>= 64,R,>= 64,R,>= 64,R,>= 64,R,8,R,>= 16,R,>= 64,R,>= 16,R,>= 4,R,4,I,>= 512,R,>= 320,R
N703,ERR12528895,SAMN39649447,2022,9,ST101,MOHUTI,UC,Najran,Najran,SouthWest,17.56927051,44.22684712,NHC,POS,+,>= 32,R,NA,NA,>= 128,R,>= 64,R,>= 64,R,>= 64,R,>= 64,R,>= 64,R,<= 0.25*,*I,2,S,32,I,>= 16,R,>= 4,R,4,I,>= 512,R,>= 320,R
N73,ERR12529001,SAMN39649448,2022,3,ST101,MOHUTI,UC,Najran,Najran,SouthWest,17.56927051,44.22684712,NHC,NEG,-,>= 32,R,NA,NA,>= 128,R,>= 64,R,>= 64,R,>= 64,R,>= 64,R,>= 64,R,4,I,>= 16,R,8,*I,>= 16,R,>= 4,R,4,I,>= 512,R,40,S
N78,ERR12528939,SAMN39649449,2022,3,ST37,MOHUTI,UC,Najran,Najran,SouthWest,17.56927051,44.22684712,NHB,NEG,-,>= 32,R,NA,NA,>= 128,R,>= 64,R,>= 64,R,>= 64,R,>= 64,R,>= 64,R,>= 16,R,>= 16,R,16,*I,<= 1,S,1,R,<= 0.5,S,64,I,<= 20,S
N81,ERR12529014,SAMN39649450,2022,3,ST37,MOHUTI,UC,Najran,Najran,SouthWest,17.56927051,44.22684712,NHB,NEG,-,>= 32,R,NA,NA,>= 128,R,>= 64,R,>= 64,R,>= 64,R,>= 64,R,>= 64,R,>= 16,R,>= 16,R,16,*I,<= 1,S,1,R,<= 0.5,S,64,I,<= 20,S
N846,ERR12528999,SAMN39649451,2022,11,ST101,MOHUTI,UC,Najran,Najran,SouthWest,17.56927051,44.22684712,NHB,NEG,-,>= 32,R,NA,NA,>= 128,R,>= 64,R,>= 64,R,>= 64,R,>= 64,R,>= 64,R,8,R,>= 16,R,8,*I,>= 16,R,>= 4,R,4,I,>= 512,R,160,R
N887,ERR12529017,SAMN39649452,2022,10,ST11,MOHUTI,UC,Najran,Najran,SouthWest,17.56927051,44.22684712,NHA,NEG,-,>= 32,R,>= 32,R,>= 128,R,>= 64,R,>= 64,R,>= 64,R,>= 64,R,>= 64,R,>= 16,R,>= 16,R,>= 64,R,>= 16,R,>= 4,R,2,S,>= 512,R,<= 20,S
N888,ERR12528988,SAMN39649453,2022,10,ST11,MOHUTI,UC,Najran,Najran,SouthWest,17.56927051,44.22684712,NHA,NEG,-,>= 32,R,>= 32,R,>= 128,R,>= 64,R,>= 64,R,>= 64,R,>= 64,R,>= 64,R,>= 16,R,>= 16,R,>= 64,R,>= 16,R,>= 4,R,2,S,>= 512,R,<= 20,S
N895,ERR12528883,SAMN39649454,2022,11,ST2096,MOHUTI,UC,Najran,Najran,SouthWest,17.56927051,44.22684712,NHA,NEG,-,>= 32,R,>= 32,R,>= 128,R,>= 64,R,>= 64,R,>= 64,R,>= 64,R,>= 64,R,2,S,>= 16,R,32,I,<= 1,S,>= 4,R,2,S,256,R,40,S
N977,ERR12528884,SAMN39649455,2022,12,ST101,MOHUTI,UC,Najran,Najran,SouthWest,17.56927051,44.22684712,NHB,NEG,-,>= 32,R,>= 32,R,>= 128,R,>= 64,R,>= 64,R,>= 64,R,>= 64,R,>= 64,R,8,R,>= 16,R,<= 2,S,>= 16,R,>= 4,R,<= 0.5,S,>= 512,R,40,S
N978,ERR12528909,SAMN39649456,2022,12,ST11,MOHUTI,UC,Najran,Najran,SouthWest,17.56927051,44.22684712,NHB,NEG,-,>= 32,R,>= 32,R,>= 128,R,>= 64,R,>= 64,R,>= 64,R,>= 64,R,>= 64,R,>= 16,R,>= 16,R,>= 64,R,>= 16,R,>= 4,R,2,S,>= 512,R,<= 20,S
N982,ERR12529031,SAMN39649457,2022,12,ST2096,MOHUTI,UC,Najran,Najran,SouthWest,17.56927051,44.22684712,NHB,NEG,-,>= 32,R,NA,NA,>= 128,R,>= 64,R,>= 64,R,>= 64,R,>= 64,R,>= 64,R,1*,*I,>= 16,R,>= 64,R,<= 1,S,>= 4,R,2,S,256,R,>= 320,R
N987,ERR12528923,SAMN39649458,2022,12,ST147,MOHUTI,UC,Najran,Najran,SouthWest,17.56927051,44.22684712,NHB,NEG,-,>= 32,R,NA,NA,>= 128,R,>= 64,R,>= 64,R,>= 64,R,>= 64,R,>= 64,R,>= 16,R,>= 16,R,16,*I,<= 1,S,>= 4,R,2,S,256,R,<= 20,S
N990,ERR12528876,SAMN39649459,2022,12,ST2096,MOHUTI,UC,Najran,Najran,SouthWest,17.56927051,44.22684712,NHB,NEG,-,>= 32,R,>= 32,R,>= 128,R,>= 64,R,>= 64,R,>= 64,R,>= 64,R,>= 64,R,2,S,>= 16,R,>= 64,R,<= 1,S,>= 4,R,4,I,256,R,>= 320,R
Q104,ERR12529053,SAMN39649460,2023,7,ST147,MOHUTI,UC,AlQassim,AlQassim,Center,26.36764728,43.972776,QHA,NEG,-,>= 32,R,>= 32,R,>= 128,R,>= 64,R,>= 64,R,>= 64,R,>= 64,R,8,*R,>= 16,R,>= 16,R,4,S,>= 16,R,>= 4,R,<= 0.5,S,128,R,>= 320,R
Q16,ERR12528943,SAMN39649461,2022,3,ST14,MOHUTI,UC,AlQassim,AlQassim,Center,26.36764728,43.972776,QHA,NEG,-,>= 32,R,>= 32,R,>= 128,R,>= 64,R,>= 64,R,>= 64,R,>= 64,R,>= 64,R,>= 16,R,>= 16,R,>= 64,R,<= 1,S,>= 4,R,>= 8,R,256,R,>= 320,R
Q160,ERR12529033,SAMN39649462,2022,10,ST147,MOHUTI,UC,AlQassim,AlQassim,Center,26.36764728,43.972776,QHC,NEG,-,>= 32,R,>= 32,R,>= 128,R,>= 64,R,>= 64,R,>= 64,R,>= 64,R,>= 64,R,>= 16,R,>= 16,R,4,S,<= 1,S,>= 4,R,>= 8,R,256,R,>= 320,R
Q161,ERR12529032,SAMN39649463,2022,10,ST147,MOHUTI,UC,AlQassim,AlQassim,Center,26.36764728,43.972776,QHC,POS,+,>= 32,R,>= 32,R,>= 128,R,>= 64,R,16,*R,>= 64,R,>= 64,R,16,R,>= 16,R,4,S,<= 2,S,<= 1,S,>= 4,R,>= 8,R,256,R,<= 20,S
Q181,ERR12528933,SAMN39649464,2022,11,ST2096,MOHUTI,UC,AlQassim,AlQassim,Center,26.36764728,43.972776,QHB,NEG,-,>= 32,R,>= 32,R,>= 128,R,>= 64,R,>= 64,R,>= 64,R,>= 64,R,>= 64,R,2,S,>= 16,R,>= 64,R,>= 16,R,>= 4,R,4,I,256,R,>= 320,R
Q202,ERR12528951,SAMN39649465,2022,12,ST2096,MOHUTI,UC,AlQassim,AlQassim,Center,26.36764728,43.972776,QHB,NA,NA,NA,NA,NA,NA,NA,NA,NA,NA,NA,NA,NA,NA,NA,NA,NA,NA,NA,NA,NA,NA,NA,NA,NA,NA,NA,NA,NA,NA,NA,NA,NA,NA
Q33,ERR12529024,SAMN39649466,2022,4,ST14,MOHUTI,UC,AlQassim,AlQassim,Center,26.36764728,43.972776,QHA,NEG,-,>= 32,R,>= 32,R,>= 128,R,>= 64,R,>= 64,R,>= 64,R,>= 64,R,>= 64,R,>= 16,R,>= 16,R,32,I,<= 1,S,>= 4,R,<= 0.5,S,128,R,>= 320,R
Q35,ERR12529015,SAMN39649467,2022,4,ST147,MOHUTI,UC,AlQassim,AlQassim,Center,26.36764728,43.972776,QHA,NEG,-,>= 32,R,NA,NA,>= 128,R,>= 64,R,8,*R,>= 64,R,>= 64,R,>= 64,R,<= 0.25*,*I,4,S,4,S,2,S,>= 4,R,2,S,256,R,>= 320,R
Q64,ERR12528948,SAMN39649468,2022,5,ST147,MOHUTI,UC,AlQassim,AlQassim,Center,26.36764728,43.972776,QHA,NEG,-,>= 32,R,>= 32,R,>= 128,R,>= 64,R,>= 64,R,>= 64,R,>= 64,R,>= 64,R,>= 16,R,>= 16,R,>= 64,R,>= 16,R,>= 4,R,>= 8,R,256,R,>= 320,R
R1011,ERR12528924,SAMN39649474,2022,6,ST11,MOHUTI,UC,Riyadh,Riyadh,Center,24.72857381,46.68651858,RHA,NEG,-,>= 32,R,>= 32,R,>= 128,R,>= 64,R,>= 64,R,>= 64,R,>= 64,R,>= 64,R,>= 16,R,>= 16,R,>= 64,R,>= 16,R,>= 4,R,2,S,>= 512,R,>= 320,R
R1032,ERR12529016,SAMN39649475,2022,6,ST101,MOHUTI,UC,Riyadh,Riyadh,Center,24.72857381,46.68651858,RHA,NEG,-,>= 32,R,>= 32,R,>= 128,R,>= 64,R,>= 64,R,>= 64,R,>= 64,R,>= 64,R,2,S,>= 16,R,>= 64,R,8,I,>= 4,R,4,I,>= 512,R,>= 320,R
R1072,ERR12528946,SAMN39649476,2022,9,ST147,MOHUTI,UC,Riyadh,Riyadh,Center,24.72857381,46.68651858,RRA,NEG,-,>= 32,R,NA,NA,>= 128,R,>= 64,R,>= 64,R,4,*R,>= 64,R,>= 64,R,>= 16,R,>= 16,R,16,*I,<= 1,S,>= 4,R,4,I,256,R,>= 320,R
R1076,ERR12529027,SAMN39649477,2022,9,ST147,MOHUTI,UC,Riyadh,Riyadh,Center,24.72857381,46.68651858,RRA,NEG,-,>= 32,R,>= 32,R,>= 128,R,>= 64,R,>= 64,R,4,*R,>= 64,R,>= 64,R,>= 16,R,>= 16,R,16,*I,<= 1,S,>= 4,R,>= 8,R,256,R,>= 320,R
R119,ERR12529029,SAMN39649478,2022,3,ST2096,MOHUTI,UC,Riyadh,Riyadh,Center,24.72857381,46.68651858,RRA,NEG,-,>= 32,R,>= 32,R,>= 128,R,>= 64,R,>= 64,R,>= 64,R,>= 64,R,>= 64,R,2,S,>= 16,R,>= 64,R,>= 16,R,>= 4,R,4,I,256,R,>= 320,R
R128,ERR12528931,SAMN39649479,2022,3,ST2096,MOHUTI,UC,Riyadh,Riyadh,Center,24.72857381,46.68651858,RRA,NEG,-,>= 32,R,>= 32,R,>= 128,R,>= 64,R,>= 64,R,>= 64,R,>= 64,R,>= 64,R,4,I,>= 16,R,>= 64,R,>= 16,R,>= 4,R,>= 8,R,256,R,>= 320,R
R224,ERR12529021,SAMN39649480,2022,3,ST101,MOHUTI,UC,Riyadh,Riyadh,Center,24.72857381,46.68651858,RRA,NEG,-,>= 32,R,>= 32,R,>= 128,R,>= 64,R,>= 64,R,>= 64,R,>= 64,R,>= 64,R,8,R,>= 16,R,>= 64,R,<= 1,S,>= 4,R,2,S,>= 512,R,<= 20,S
R234,ERR12528915,SAMN39649481,2022,4,ST147,MOHUTI,UC,Riyadh,Riyadh,Center,24.72857381,46.68651858,RRA,NEG,-,>= 32,R,NA,NA,>= 128,R,>= 64,R,>= 64,R,4,*R,>= 64,R,>= 64,R,4,I,>= 16,R,>= 64,R,>= 16,R,>= 4,R,4,I,256,R,>= 320,R
R240,ERR12528936,SAMN39649482,2022,4,ST2096,MOHUTI,UC,Riyadh,Riyadh,Center,24.72857381,46.68651858,RRA,NEG,-,>= 32,R,>= 32,R,>= 128,R,>= 64,R,>= 64,R,>= 64,R,>= 64,R,>= 64,R,>= 16,R,>= 16,R,>= 64,R,>= 16,R,>= 4,R,2,S,256,R,>= 320,R
R241,ERR12528940,SAMN39649483,2022,4,ST2096,MOHUTI,UC,Riyadh,Riyadh,Center,24.72857381,46.68651858,RRA,NEG,*+,>= 32,R,>= 32,R,>= 128,R,>= 64,R,>= 64,R,>= 64,R,>= 64,R,>= 64,R,<= 0.25,S,<= 0.25,S,>= 64,R,<= 1,S,>= 4,R,2,S,128,R,>= 320,R
R272,ERR12529020,SAMN39649484,2022,4,ST2096,MOHUTI,UC,Riyadh,Riyadh,Center,24.72857381,46.68651858,RRA,NEG,-,>= 32,R,>= 32,R,>= 128,R,>= 64,R,>= 64,R,>= 64,R,>= 64,R,>= 64,R,4,I,>= 16,R,>= 64,R,>= 16,R,>= 4,R,1,S,>= 512,R,>= 320,R
R273,ERR12529035,SAMN39649485,2022,4,ST147,MOHUTI,UC,Riyadh,Riyadh,Center,24.72857381,46.68651858,RRA,NEG,-,>= 32,R,NA,NA,>= 128,R,>= 64,R,>= 64,R,4,*R,>= 64,R,>= 64,R,4,I,>= 16,R,>= 64,R,>= 16,R,>= 4,R,4,I,256,R,>= 320,R
R275,ERR12529052,SAMN39649486,2022,4,ST2096,MOHUTI,UC,Riyadh,Riyadh,Center,24.72857381,46.68651858,RRA,NEG,-,>= 32,R,NA,NA,>= 128,R,>= 64,R,>= 64,R,>= 64,R,>= 64,R,>= 64,R,1*,*I,>= 16,R,>= 64,R,>= 16,R,>= 4,R,2,S,>= 512,R,>= 320,R
R276,ERR12528935,SAMN39649487,2022,4,ST147,MOHUTI,UC,Riyadh,Riyadh,Center,24.72857381,46.68651858,RRA,POS,+,>= 32,R,NA,NA,>= 128,R,>= 64,R,>= 64,R,<= 1,*R,<= 1,*R,<= 1,*R,2,S,>= 16,R,>= 64,R,>= 16,R,>= 4,R,2,S,256,R,>= 320,R
R290,ERR12529028,SAMN39649488,2022,4,ST2096,MOHUTI,UC,Riyadh,Riyadh,Center,24.72857381,46.68651858,RRA,NEG,-,>= 32,R,>= 32,R,>= 128,R,>= 64,R,>= 64,R,>= 64,R,>= 64,R,>= 64,R,>= 16,R,>= 16,R,>= 64,R,>= 16,R,>= 4,R,2,S,256,R,>= 320,R
R291,ERR12528945,SAMN39649489,2022,4,ST2096,MOHUTI,UC,Riyadh,Riyadh,Center,24.72857381,46.68651858,RRA,NEG,-,>= 32,R,>= 32,R,>= 128,R,>= 64,R,>= 64,R,>= 64,R,>= 64,R,>= 64,R,2,S,>= 16,R,>= 64,R,>= 16,R,>= 4,R,2,S,256,R,>= 320,R
R292,ERR12528929,SAMN39649490,2022,4,ST437,MOHUTI,UC,Riyadh,Riyadh,Center,24.72857381,46.68651858,RRA,NEG,-,>= 32,R,>= 32,R,>= 128,R,>= 64,R,>= 64,R,>= 64,R,>= 64,R,>= 64,R,2,S,>= 16,R,>= 64,R,>= 16,R,>= 4,R,1,S,>= 512,R,160,R
R293,ERR12528925,SAMN39649491,2022,4,ST383,MOHUTI,UC,Riyadh,Riyadh,Center,24.72857381,46.68651858,RRA,NEG,-,>= 32,R,>= 32,R,>= 128,R,>= 64,R,>= 64,R,>= 64,R,>= 64,R,>= 64,R,>= 16,R,>= 16,R,16,*I,<= 1,S,>= 4,R,2,S,256,R,<= 20,S
R407,ERR12528986,SAMN39649492,2022,5,ST11,MOHUTI,UC,Riyadh,Riyadh,Center,24.72857381,46.68651858,RRA,NEG,-,>= 32,R,>= 32,R,>= 128,R,>= 64,R,>= 64,R,>= 64,R,>= 64,R,>= 64,R,>= 16,R,>= 16,R,>= 64,R,>= 16,R,>= 4,R,<= 0.5,S,>= 512,R,>= 320,R
R409,ERR12528921,SAMN39649493,2022,5,ST147,MOHUTI,UC,Riyadh,Riyadh,Center,24.72857381,46.68651858,RRA,NEG,-,>= 32,R,>= 32,R,>= 128,R,>= 64,R,>= 64,R,>= 64,R,>= 64,R,>= 64,R,8,R,>= 16,R,4,S,>= 16,R,>= 4,R,4,I,256,R,>= 320,R
R424,ERR12528928,SAMN39649494,2022,12,ST2096,MOHUTI,UC,Riyadh,Riyadh,Center,24.72857381,46.68651858,RRA,NEG,-,>= 32,R,>= 32,R,>= 128,R,>= 64,R,>= 64,R,>= 64,R,>= 64,R,>= 64,R,2,S,>= 16,R,>= 64,R,>= 16,R,>= 4,R,2,S,>= 512,R,>= 320,R
R541,ERR12528926,SAMN39649496,2022,6,ST2096,MOHUTI,UC,Riyadh,Riyadh,Center,24.72857381,46.68651858,RRA,NEG,*+,>= 32,R,>= 32,R,>= 128,R,>= 64,R,>= 64,R,>= 64,R,>= 64,R,>= 64,R,<= 0.25,S,<= 0.25,S,>= 64,R,>= 16,R,>= 4,R,>= 8,R,256,R,>= 320,R
R55,ERR12528942,SAMN39649497,2022,3,ST147,MOHUTI,UC,Riyadh,Riyadh,Center,24.72857381,46.68651858,RRA,NEG,-,>= 32,R,NA,NA,>= 128,R,>= 64,R,>= 64,R,4,*R,>= 64,R,>= 64,R,8,R,>= 16,R,>= 64,R,<= 1,S,>= 4,R,4,I,256,R,>= 320,R
R58,ERR12528947,SAMN39649503,2022,3,ST147,MOHUTI,UC,Riyadh,Riyadh,Center,24.72857381,46.68651858,RRA,NEG,-,>= 32,R,NA,NA,>= 128,R,>= 64,R,>= 64,R,4,*R,>= 64,R,>= 64,R,8,R,>= 16,R,>= 64,R,<= 1,S,>= 4,R,4,I,256,R,>= 320,R
R588,ERR12528954,SAMN39649504,2022,6,ST294,MOHUTI,UC,Riyadh,Riyadh,Center,24.72857381,46.68651858,RHA,POS,+,>= 32,R,8,S,<= 4,S,>= 64,R,<= 4,S,4,S,16,R,<= 1,S,<= 0.25,S,<= 0.25,S,<= 2,S,<= 1,S,0.5,I,<= 0.5,S,<= 16,S,>= 320,R
R595,ERR12529008,SAMN39649505,2022,6,ST11,MOHUTI,UC,Riyadh,Riyadh,Center,24.72857381,46.68651858,RHA,NEG,-,>= 32,R,>= 32,R,>= 128,R,>= 64,R,>= 64,R,>= 64,R,>= 64,R,>= 64,R,>= 16,R,>= 16,R,8,*I,>= 16,R,>= 4,R,2,S,256,R,>= 320,R
R700,ERR12528944,SAMN39649506,2022,8,ST22,MOHUTI,UC,Riyadh,Riyadh,Center,24.72857381,46.68651858,RRA,NEG,-,>= 32,R,<= 2,S,<= 4,S,<= 2,S,<= 4,S,<= 1,S,<= 1,S,<= 1,S,<= 0.25,S,<= 0.25,S,<= 2,S,<= 1,S,<= 0.25,S,<= 0.5,S,32,S,<= 20,S
R713,ERR12529005,SAMN39649507,2022,8,ST147,MOHUTI,UC,Riyadh,Riyadh,Center,24.72857381,46.68651858,RRA,NEG,-,>= 32,R,>= 32,R,>= 128,R,>= 64,R,>= 64,R,>= 64,R,>= 64,R,>= 64,R,>= 16,R,>= 16,R,16,*I,<= 1,S,>= 4,R,>= 8,R,256,R,>= 320,R
R804,ERR12528949,SAMN39649508,2022,8,ST2096,MOHUTI,UC,Riyadh,Riyadh,Center,24.72857381,46.68651858,RRA,NEG,-,>= 32,R,>= 32,R,>= 128,R,>= 64,R,>= 64,R,>= 64,R,>= 64,R,>= 64,R,2,S,>= 16,R,>= 64,R,>= 16,R,>= 4,R,>= 8,R,128,R,>= 320,R
S120,ERR12529026,SAMN39649509,2022,10,ST969,MOHUTI,UC,Sakaka,AlJawf,North,29.88333549,40.11210099,SHA,POS,+,>= 32,R,8,S,<= 4,S,>= 64,R,<= 4,S,8,S,>= 64,R,2,S,<= 0.25,S,<= 0.25,S,<= 2,S,<= 1,S,<= 0.25,S,1,S,64,I,>= 320,R
S130,ERR12529030,SAMN39649510,2022,11,ST14,MOHUTI,UC,Sakaka,AlJawf,North,29.88333549,40.11210099,SHA,POS,+,>= 32,R,16,I,16,I,>= 64,R,<= 4,S,16,I,>= 64,R,2,S,<= 0.25,S,<= 0.25,S,8,*I,<= 1,S,2,R,<= 0.5,S,32,S,<= 20,S
S131,ERR12529025,SAMN39649511,2022,11,ST45,MOHUTI,UC,Sakaka,AlJawf,North,29.88333549,40.11210099,SHA,NEG,-,>= 32,R,>= 32,R,8,S,>= 64,R,>= 64,R,8,S,<= 1,S,<= 1,S,1,S,<= 0.25,S,<= 2,S,<= 1,S,<= 0.25,S,1,S,64,I,>= 320,R
S151,ERR12529036,SAMN39649512,2022,12,ST17,MOHUTI,UC,Sakaka,AlJawf,North,29.88333549,40.11210099,SHA,POS,+,>= 32,R,16,I,32,R,>= 64,R,8,S,16,I,>= 64,R,2,S,<= 0.25,S,<= 0.25,S,<= 2,S,>= 16,R,>= 4,R,4,I,256,R,>= 320,R
S156,ERR12528955,SAMN39649513,2022,12,ST17,MOHUTI,UC,Sakaka,AlJawf,North,29.88333549,40.11210099,SHA,POS,+,>= 32,R,8,S,<= 4,S,>= 64,R,<= 4,S,16,I,>= 64,R,2,S,<= 0.25,S,<= 0.25,S,<= 2,S,<= 1,S,1,R,1,S,128,R,>= 320,R
S24,ERR12529019,SAMN39649514,2022,4,ST14,MOHUTI,UC,Sakaka,AlJawf,North,29.88333549,40.11210099,SHB,POS,+,>= 32,R,16,I,32,R,>= 64,R,<= 4,S,16,I,>= 64,R,2,S,<= 0.25,S,<= 0.25,S,16,*I,<= 1,S,2,R,<= 0.5,S,32,S,<= 20,S
S61,ERR12528992,SAMN39649515,2022,6,ST14,MOHUTI,UC,Sakaka,AlJawf,North,29.88333549,40.11210099,SHD,POS,+,>= 32,R,16,I,32,R,>= 64,R,<= 4,S,>= 64,R,>= 64,R,16,R,<= 0.25,S,<= 0.25,S,8,*I,<= 1,S,<= 0.25,S,1,S,32,S,<= 20,S
T157,ERR12528901,SAMN39649516,2022,10,ST231,MOHUTI,UC,Taif,Makkah,SouthWest,21.28918403,40.42073622,THA,NEG,-,>= 32,R,>= 32,R,>= 128,R,>= 64,R,>= 64,R,>= 64,R,>= 64,R,>= 64,R,>= 16,R,>= 16,R,>= 64,R,>= 16,R,>= 4,R,1,S,256,R,>= 320,R
T4,ERR12528918,SAMN39649517,2022,2,ST225,MOHUTI,UC,Taif,Makkah,SouthWest,21.28918403,40.42073622,THA,POS,+,>= 32,R,8,S,64,R,>= 64,R,<= 4,S,8,S,>= 64,R,2,S,<= 0.25,S,<= 0.25,S,<= 2,S,<= 1,S,1,R,2,S,64,I,>= 320,R
T40,ERR12529000,SAMN39649518,2022,3,ST2096,MOHUTI,UC,Taif,Makkah,SouthWest,21.28918403,40.42073622,THB,POS,+,>= 32,R,>= 32,R,>= 128,R,>= 64,R,>= 64,R,>= 64,R,>= 64,R,>= 64,R,<= 0.25,S,<= 0.25,S,>= 64,R,>= 16,R,>= 4,R,<= 0.5,S,256,R,>= 320,R
TK102,ERR12528886,SAMN39649519,2022,11,ST147,MOHUTI,UC,Tabuk,Tabuk,NorthWest,28.38719742,36.56521253,TKHA,NEG,-,>= 32,R,>= 32,R,>= 128,R,>= 64,R,>= 64,R,>= 64,R,>= 64,R,>= 64,R,>= 16,R,>= 16,R,>= 64,R,>= 16,R,>= 4,R,1,S,32,S,>= 320,R
TK115,ERR12528912,SAMN39649520,2022,12,ST147,MOHUTI,UC,Tabuk,Tabuk,NorthWest,28.38719742,36.56521253,TKHA,POS,+,>= 32,R,16,I,>= 128,R,>= 64,R,>= 64,R,>= 64,R,>= 64,R,>= 64,R,<= 0.25,S,0.5,S,32,I,<= 1,S,>= 4,R,4,I,256,R,>= 320,R
TK122,ERR12529040,SAMN39649521,2022,12,ST231,MOHUTI,UC,Tabuk,Tabuk,NorthWest,28.38719742,36.56521253,TKHA,NEG,-,>= 32,R,>= 32,R,>= 128,R,>= 64,R,>= 64,R,>= 64,R,>= 64,R,>= 64,R,>= 16,R,>= 16,R,<= 2,S,<= 1,S,>= 4,R,4,I,256,R,>= 320,R
TK35,ERR12528960,SAMN39649522,2023,8,ST251,MOHUTI,UC,Tabuk,Tabuk,NorthWest,28.38719742,36.56521253,TKHB,POS,+,>= 32,R,8,S,<= 4,S,>= 64,R,<= 4,S,>= 64,R,>= 64,R,>= 64,R,<= 0.25,S,<= 0.25,S,<= 2,S,<= 1,S,0.5,I,2,S,<= 16,S,>= 320,R
TK88,ERR12528961,SAMN39649523,2022,10,ST268,MOHUTI,UC,Tabuk,Tabuk,NorthWest,28.38719742,36.56521253,TKHC,POS,+,>= 32,R,16,I,16,I,>= 64,R,<= 4,S,>= 64,R,>= 64,R,>= 64,R,<= 0.25,S,<= 0.25,S,<= 2,S,>= 16,R,<= 0.25,S,2,S,64,I,40,S
TK93,ERR12528957,SAMN39649524,2022,10,ST147,MOHUTI,UC,Tabuk,Tabuk,NorthWest,28.38719742,36.56521253,TKHC,NA,NA,NA,NA,NA,NA,NA,NA,NA,NA,NA,NA,NA,NA,NA,NA,NA,NA,NA,NA,NA,NA,NA,NA,NA,NA,NA,NA,NA,NA,NA,NA,NA,NA
